카테고리,제목,저자,할인가격,이미지 URL
[국내도서],"세네카, 오늘을 빼앗기고 있는 당신에게",루키우스 안나이우스 세네카,"16,200원",https://image.aladin.co.kr/product/39640/49/cover200/k872130175_1.jpg
[국내도서],그랬다고 적었다,김애란,"15,300원",https://image.aladin.co.kr/product/40019/36/cover200/k742130236_1.jpg
[국내도서],싯다르타,헤르만 헤세,"7,200원",https://image.aladin.co.kr/product/32/95/cover200/s062934786_1.jpg
[국내도서],오뒷세이아,호메로스,"22,500원",https://image.aladin.co.kr/product/39940/12/cover200/8932476462_2.jpg
[국내도서],오디세이아 (국내 유일 명화 104점 수록 완역본),호메로스,"24,300원",https://image.aladin.co.kr/product/36239/0/cover200/k062038716_2.jpg
[국내도서],찌니주의보,정지아,"15,120원",https://image.aladin.co.kr/product/40013/75/cover200/8936439995_1.jpg
[국내도서],사카모토 데이즈 27 (더블 특전판),스즈키 유우토,"5,850원",https://image.aladin.co.kr/product/40036/51/cover200/k322130637_1.jpg
[국내도서],투명한 나선,히가시노 게이고,"19,800원",https://image.aladin.co.kr/product/39802/11/cover200/k082130602_3.jpg
[국내도서],"안녕, 피터팬",전경철,"19,800원",https://image.aladin.co.kr/product/39645/80/cover200/k092130273_2.jpg
[국내도서],프로젝트 헤일메리 (알라딘 리커버 특별판),앤디 위어,"19,800원",https://image.aladin.co.kr/product/39679/83/cover200/8925568640_1.jpg
[국내도서],수족관,유래혁,"15,930원",https://image.aladin.co.kr/product/33081/18/cover200/k582937507_1.jpg
[국내도서],오디세이 각본집,크리스토퍼 놀란,"18,900원",https://image.aladin.co.kr/product/39945/41/cover200/8901300419_3.jpg
[국내도서],한밤중 개미 요정 (10주년 기념 한지 특별 한정판),신선미,"22,500원",https://image.aladin.co.kr/product/39875/96/cover200/8936429671_3.jpg
[국내도서],빵충 사육 준수 사항,김혜영,"15,120원",https://image.aladin.co.kr/product/39872/66/cover200/k242130313_1.jpg
[국내도서],태양 아래 올리브,김초엽,"17,820원",https://image.aladin.co.kr/product/39987/24/cover200/k512130727_3.jpg
[국내도서],원소 원정대,아게도리도리,"17,820원",https://image.aladin.co.kr/product/39352/62/cover200/k602138534_1.jpg
[국내도서],은총 수업,남상근 라파엘,"18,000원",https://image.aladin.co.kr/product/39890/25/cover200/k352130828_2.jpg
[국내도서],테오,앨런 레비,"18,900원",https://image.aladin.co.kr/product/39639/79/cover200/k992130174_2.jpg
[국내도서],노무현 평전,윤태영,"44,550원",https://image.aladin.co.kr/product/40024/84/cover200/k732130439_1.jpg
[국내도서],스파이 패밀리 17,엔도 타츠야,"5,400원",https://image.aladin.co.kr/product/40031/56/cover200/k992130639_1.jpg
[국내도서],오뒷세이아,호메로스,"29,700원",https://image.aladin.co.kr/product/68/68/cover200/s262036392_1.jpg
[국내도서],모순,양귀자,"11,700원",https://image.aladin.co.kr/product/2584/37/cover200/8998441012_3.jpg
[국내도서],데미안,헤르만 헤세,"7,200원",https://image.aladin.co.kr/product/26/0/cover200/s452139198_1.jpg
[국내도서],브람스를 좋아하세요...,프랑수아즈 사강,"9,000원",https://image.aladin.co.kr/product/215/66/cover200/s252137206_1.jpg
[국내도서],오디세이아,안나 밀버른,"15,750원",https://image.aladin.co.kr/product/39985/24/cover200/8949142007_1.jpg
[국내도서],서성이다,장강명,"13,500원",https://image.aladin.co.kr/product/39984/93/cover200/k362130735_1.jpg
[국내도서],황천의 츠가이 12 (더블특전판),아라카와 히로무,"5,850원",https://image.aladin.co.kr/product/40024/63/cover200/k422130438_1.jpg
[국내도서],디그 잇 3 (더블특전판),Yoshidamaru,"6,300원",https://image.aladin.co.kr/product/40031/57/cover200/k922130639_1.jpg
[국내도서],니체의 초월자,프리드리히 니체,"15,210원",https://image.aladin.co.kr/product/37539/55/cover200/k392032120_1.jpg
[국내도서],코스모스 (100만 부 기념판),칼 세이건,"19,800원",https://image.aladin.co.kr/product/39676/50/cover200/k382130398_1.jpg
[국내도서],백앤아×고고프렌즈 국어별동대 1 : 시작,백앤아,"15,120원",https://image.aladin.co.kr/product/39725/42/cover200/k092130703_1.jpg
[국내도서],독하게 돈 공부,박소연,"20,700원",https://image.aladin.co.kr/product/39727/2/cover200/k042130706_1.jpg
[국내도서],톨스토이 문장들 필사집,레프 니콜라예비치 톨스토이,"17,820원",https://image.aladin.co.kr/product/39790/34/cover200/k072130305_2.jpg
[국내도서],문해내공,신종호,"22,500원",https://image.aladin.co.kr/product/39876/18/cover200/k752130413_2.jpg
[국내도서],오뒷세이아,호메로스,"28,800원",https://image.aladin.co.kr/product/32444/10/cover200/k052935299_3.jpg
[국내도서],안녕이라 그랬어 (집 에디션),김애란,"15,120원",https://image.aladin.co.kr/product/39656/36/cover200/k472130198_1.jpg
[국내도서],자몽살구클럽,한로로 (HANRORO),"10,800원",https://image.aladin.co.kr/product/36808/37/cover200/k082030009_1.jpg
[국내도서],"2026 큰별쌤 최태성의 별★별한국사 한국사능력검정시험 심화(1, 2, 3급) 상",최태성,"17,100원",https://image.aladin.co.kr/product/37896/93/cover200/k062033624_1.jpg
[국내도서],이방인,알베르 카뮈,"9,000원",https://image.aladin.co.kr/product/21224/66/cover200/8937443848_1.jpg
[국내도서],나의 첫 번째 부동산 교과서,송희구,"20,700원",https://image.aladin.co.kr/product/39443/32/cover200/k392139397_1.jpg
[국내도서],독서의 기술,고명환,"17,820원",https://image.aladin.co.kr/product/39656/35/cover200/k292130198_3.jpg
[국내도서],부의 갈림길,오건영,"24,300원",https://image.aladin.co.kr/product/39443/89/cover200/k232139499_1.jpg
[국내도서],ETS 토익 정기시험 기출문제집 1000 Vol. 5 Reading (리딩),ETS,"19,800원",https://image.aladin.co.kr/product/38034/72/cover200/8917243800_2.jpg
[국내도서],팬텀 버스터즈 7,네오쇼코,"5,850원",https://image.aladin.co.kr/product/39992/53/cover200/k602130931_1.jpg
[국내도서],주와 연,청예,"15,750원",https://image.aladin.co.kr/product/39704/96/cover200/k072130599_1.jpg
[국내도서],데일 카네기의 인간관계 수업,데일 카네기,"16,920원",https://image.aladin.co.kr/product/39895/66/cover200/k092130825_1.jpg
[국내도서],인비인,성해나,"16,200원",https://image.aladin.co.kr/product/39581/25/cover200/k692139247_2.jpg
[국내도서],ETS 토익 정기시험 기출문제집 1000 Vol. 5 Listening (리스닝),ETS,"19,800원",https://image.aladin.co.kr/product/38034/70/cover200/8917243797_2.jpg
[국내도서],"2026 큰별쌤 최태성의 별★별한국사 한국사능력검정시험 심화(1, 2, 3급) 하",최태성,"16,650원",https://image.aladin.co.kr/product/37896/96/cover150/k082033624_2.jpg
[국내도서],인간 실격,다자이 오사무,"8,100원",https://image.aladin.co.kr/product/49/16/cover200/893746103x_3.jpg
[국내도서],급류,정대건,"12,600원",https://image.aladin.co.kr/product/30769/24/cover200/8937473402_1.jpg
[국내도서],설득 (먼슬리 클래식),제인 오스틴,"11,700원",https://image.aladin.co.kr/product/39984/85/cover200/k942130735_1.jpg
[국내도서],요리 군과 다시 만날 수는 없어! 2,Sumio Hataya,"5,850원",https://image.aladin.co.kr/product/40032/86/cover200/k042130632_2.jpg
[국내도서],마션 (알라딘 리커버 특별판),앤디 위어,"17,820원",https://image.aladin.co.kr/product/39679/84/cover200/8925568683_1.jpg
[국내도서],어떻게 살아낼 것인가,짐 콜린스,"26,820원",https://image.aladin.co.kr/product/39782/23/cover200/k192130202_1.jpg
[국내도서],당신은 사건 현장에 있습니다,모데스토 가르시아,"25,200원",https://image.aladin.co.kr/product/29623/60/cover200/8927812972_2.jpg
[국내도서],체호프 단편선,안톤 파블로비치 체호프,"8,100원",https://image.aladin.co.kr/product/38/90/cover200/s552934787_1.jpg
[국내도서],2027 선재국어 신유형 매일 국어 시즌 1,이선재,"16,200원",https://image.aladin.co.kr/product/39991/0/cover200/k292130939_1.jpg
[국내도서],멜로우TV 팀나빠 1 : 나사 빠진 친구들,멜로우TV,"15,120원",https://image.aladin.co.kr/product/39408/42/cover200/k772139099_1.jpg
[국내도서],"돈, 뜨겁게 사랑하고 차갑게 다루어라",앙드레 코스톨라니,"13,500원",https://image.aladin.co.kr/product/32489/85/cover200/k942935503_1.jpg
[국내도서],유럽 도시 기행 3,유시민,"17,010원",https://image.aladin.co.kr/product/39715/59/cover200/8965138310_1.jpg
[국내도서],일리아스 & 오디세이아 세트 - 전2권 (국내 유일 명화 207점 수록 완역본),호메로스,"49,500원",https://image.aladin.co.kr/product/36244/35/cover200/k852038210_1.jpg
[국내도서],지푸라기 왕관을 쓴 여자,박상영,"16,920원",https://image.aladin.co.kr/product/39834/40/cover200/k032130812_1.jpg
[국내도서],잊기 좋은 이름,김애란,"15,750원",https://image.aladin.co.kr/product/40019/37/cover200/k872130236_1.jpg
[국내도서],언어와 반언어,카를 크라우스,"15,750원",https://image.aladin.co.kr/product/39834/86/cover200/k162130339_1.jpg
[국내도서],Go Go 카카오프렌즈 역사문화 41 : 이란,김미영,"15,210원",https://image.aladin.co.kr/product/40002/42/cover200/k472130037_1.jpg
[국내도서],나는 왜 네 말이 힘들까,박재연,"19,800원",https://image.aladin.co.kr/product/39872/77/cover200/k742130313_1.jpg
[국내도서],2027 이동기 영어 문법 500제 + 핵심문법 44포인트 요약노트 세트 - 전2권,(주)이앤미래(대표 이동기),"24,300원",https://image.aladin.co.kr/product/40002/49/cover200/k852130037_1.jpg
[국내도서],달러구트 꿈 백화점 0,이미예,"16,020원",https://image.aladin.co.kr/product/39638/93/cover200/k382130171_1.jpg
[국내도서],새들의 사회성,편혜영,"15,750원",https://image.aladin.co.kr/product/39898/13/cover200/k102130920_1.jpg
[국내도서],공부가 결국 너를 지켜줄 거야,임민찬,"17,820원",https://image.aladin.co.kr/product/39896/39/cover200/k362130827_1.jpg
[국내도서],절창,구병모,"16,200원",https://image.aladin.co.kr/product/37172/36/cover200/k662031678_3.jpg
[국내도서],악의,히가시노 게이고,"15,120원",https://image.aladin.co.kr/product/19822/35/cover200/8972750034_2.jpg
[국내도서],시간의 감촉,은희경,"16,920원",https://image.aladin.co.kr/product/39536/43/cover200/k182139749_1.jpg
[국내도서],우리들의 파리가 생각나요,정현주,"15,200원",https://image.aladin.co.kr/product/5932/9/cover200/s662130846_1.jpg
[국내도서],내면 근력,짐 머피,"19,800원",https://image.aladin.co.kr/product/38895/53/cover200/k602137608_1.jpg
[국내도서],봄의 폭풍과 몬스터 9,미츠바치 미유키,"6,300원",https://image.aladin.co.kr/product/39997/37/cover200/k412130031_1.jpg
[국내도서],아르테미스 (알라딘 리커버 특별판),앤디 위어,"17,820원",https://image.aladin.co.kr/product/39679/81/cover200/8925568659_1.jpg
[국내도서],결혼·여름,알베르 카뮈,"19,800원",https://image.aladin.co.kr/product/32086/69/cover200/k372834096_1.jpg
[국내도서],황천의 츠가이 12 (특별판),아라카와 히로무,"25,650원",https://image.aladin.co.kr/product/40024/63/cover200/k332130438_1.jpg
[국내도서],명탐정 코난 108,아오야마 고쇼,"5,400원",https://image.aladin.co.kr/product/39953/99/cover200/k362130528_1.jpg
[국내도서],괴테는 모든 것을 말했다 (여름 에디션),스즈키 유이,"15,300원",https://image.aladin.co.kr/product/39990/29/cover200/k822130836_1.jpg
[국내도서],명탐정 코난 108 (특장판),아오야마 고쇼,"19,800원",https://image.aladin.co.kr/product/39958/39/cover200/k912130526_1.jpg
[국내도서],아주 작은 습관의 힘 (50만 부 기념 스페셜 에디션),제임스 클리어,"16,200원",https://image.aladin.co.kr/product/37944/74/cover200/k672033454_3.jpg
[국내도서],포켓몬 생태도감,주식회사 포켓몬,"13,500원",https://image.aladin.co.kr/product/39176/41/cover200/k882138678_2.jpg
[국내도서],슈뻘맨의 숨은 과학 찾기 8,슈뻘맨,"15,120원",https://image.aladin.co.kr/product/39872/73/cover200/k692130313_1.jpg
[국내도서],무진기행,김승옥,"9,900원",https://image.aladin.co.kr/product/96/57/cover200/8937461498_2.jpg
[국내도서],흔한남매 22,흔한남매,"15,120원",https://image.aladin.co.kr/product/39134/78/cover200/k982137650_1.jpg
[국내도서],압록강은 흐른다,이미륵,"12,600원",https://image.aladin.co.kr/product/39575/12/cover200/8937465000_1.jpg
[국내도서],주식의 시대,EBS 다큐프라임 〈주식의 시대〉 제작진,"17,100원",https://image.aladin.co.kr/product/39938/68/cover200/k722130220_1.jpg
[국내도서],모두가 자신의 무가치함과 싸우고 있다 대본집 세트 - 전3권,박해영,"61,200원",https://image.aladin.co.kr/product/39580/77/cover200/8925568551_2.jpg
[국내도서],타몬 군 지금 어느 쪽?! 13 (한정판),시와스 유키,"12,600원",https://image.aladin.co.kr/product/39997/41/cover200/k632130031_1.jpg
[국내도서],1984,조지 오웰,"9,900원",https://image.aladin.co.kr/product/41/89/cover200/s122531356_2.jpg
[국내도서],책이라면 팔 만큼 1,코지마 아오,"11,700원",https://image.aladin.co.kr/product/39741/20/cover200/k842130902_2.jpg
[국내도서],흔한남매 이무기 4 (특별 한정판),흔한남매,"34,200원",https://image.aladin.co.kr/product/39875/31/cover200/k102130411_2.jpg
[국내도서],아코디언,천명관,"16,200원",https://image.aladin.co.kr/product/39553/98/cover200/8936439960_1.jpg
[국내도서],대한민국 부의 감각,터보832,"19,800원",https://image.aladin.co.kr/product/39991/62/cover200/k072130930_1.jpg
[국내도서],옆자리 녀석이 그런 눈으로 쳐다본다 4 (더블특전판),mmk,"6,300원",https://image.aladin.co.kr/product/39997/38/cover200/k552130031_1.jpg
[국내도서],인생을 바꾸는 투자학개론,한정수(세상학개론),"21,600원",https://image.aladin.co.kr/product/40054/84/cover200/k092130841_1.jpg
[국내도서],SQL 자격검정 실전문제,한국데이터산업진흥원,"17,460원",https://image.aladin.co.kr/product/33258/31/cover200/8988474910_1.jpg
[국내도서],시뮬레이션 우주,박권,"19,800원",https://image.aladin.co.kr/product/39978/37/cover200/8962627248_1.jpg
[국내도서],너는 원래 괜찮은 사람이야,윤지영(오뚝이샘),"17,100원",https://image.aladin.co.kr/product/39899/87/cover200/k492130923_1.jpg
[국내도서],숲처럼 생각하기,벤 롤런스,"18,000원",https://image.aladin.co.kr/product/39842/4/cover200/k962130116_2.jpg
[국내도서],"혼모노 (리커버, 양장)",성해나,"16,200원",https://image.aladin.co.kr/product/39078/47/cover200/k792137959_1.jpg
[국내도서],부의 점프,상승미소(이명로),"19,800원",https://image.aladin.co.kr/product/39931/83/cover200/k002130124_1.jpg
[국내도서],악수도 없이 헤어졌다,피천득,"13,500원",https://image.aladin.co.kr/product/38195/3/cover200/8937464691_1.jpg
[국내도서],조용히 해내는 사람,이재은,"16,020원",https://image.aladin.co.kr/product/39997/27/cover200/k152130031_1.jpg
[국내도서],사랑의 기술,에리히 프롬,"16,920원",https://image.aladin.co.kr/product/39666/45/cover200/8931027060_1.jpg
[국내도서],13.67,찬호께이,"17,100원",https://image.aladin.co.kr/product/30836/55/cover200/k172831379_1.jpg
[국내도서],사카모토 데이즈 26 (더블 특전판),스즈키 유우토,"5,850원",https://image.aladin.co.kr/product/39614/13/cover200/k322130972_1.jpg
[국내도서],깨달은 들짐승처럼 살기로 했다,한그루(뉴욕털게),"16,200원",https://image.aladin.co.kr/product/39978/67/cover200/k032130626_1.jpg
[국내도서],루시드 드림 연구실,"맹수상점(Beasties Club, 이푸)","19,800원",https://image.aladin.co.kr/product/40037/19/cover200/k262130749_1.jpg
[국내도서],용의자 X의 헌신,히가시노 게이고,"16,920원",https://image.aladin.co.kr/product/11649/82/cover200/8990982707_1.jpg
[국내도서],인 더 메가처치,아사이 료,"17,820원",https://image.aladin.co.kr/product/39895/75/cover200/k122130825_2.jpg
[국내도서],진보를 위한 현대사 수업,배기성,"19,800원",https://image.aladin.co.kr/product/39401/98/cover200/k322139973_1.jpg
[국내도서],인생을 위한 최소한의 생각,신영준,"17,820원",https://image.aladin.co.kr/product/38548/11/cover200/k192135753_2.jpg
[국내도서],언어화를 위한 소설 사고,오가와 사토시,"15,300원",https://image.aladin.co.kr/product/39984/98/cover200/k342130735_1.jpg
[국내도서],우린 반드시 행복해진다,조성용(흔글),"16,650원",https://image.aladin.co.kr/product/39244/82/cover200/k742138107_1.jpg
[국내도서],비실비실 선생님 16,후쿠치 카미오,"5,850원",https://image.aladin.co.kr/product/40054/45/cover200/k052130849_1.jpg
[국내도서],긴긴밤,루리,"11,250원",https://image.aladin.co.kr/product/26302/71/cover200/8954677150_1.jpg
[국내도서],구의 증명,최진영,"10,800원",https://image.aladin.co.kr/product/31561/46/cover200/k782832854_1.jpg
[국내도서],말랑말랑 밋다다의 SD 캐릭터 그리기,밋다다,"18,000원",https://image.aladin.co.kr/product/40039/22/cover200/8960885215_1.jpg
[국내도서],"2026 큰별쌤 최태성의 별★별한국사 기출 500제 한국사능력검정시험 심화 (1, 2, 3급)",최태성,"19,800원",https://image.aladin.co.kr/product/37992/23/cover200/k692034674_1.jpg
[국내도서],미국을 만든 세계,유재일,"16,200원",https://image.aladin.co.kr/product/40025/92/cover200/k062130434_1.jpg
[국내도서],매스커레이드 라이프,히가시노 게이고,"18,000원",https://image.aladin.co.kr/product/39656/83/cover200/k972130191_1.jpg
[국내도서],2027 유휘운 행정법총론 요약노트 + 기출문제 (요.플.) [회독용 암기 APP 제공],유휘운,"33,300원",https://image.aladin.co.kr/product/39819/52/cover200/k982130601_2.jpg
[국내도서],낙하 (알라딘 리커버 특별판),이희영,"15,300원",https://image.aladin.co.kr/product/40024/53/cover200/k622130336_2.jpg
[국내도서],인생에 한번은 오디세이아,샘 아크바,"17,550원",https://image.aladin.co.kr/product/39769/10/cover200/k452130108_1.jpg
[국내도서],2027 선재국어 시간 단축 독해 훈련 1일 3독,이선재,"15,300원",https://image.aladin.co.kr/product/39942/27/cover200/k942130328_1.jpg
[국내도서],슬로 호시스,믹 헤런,"17,100원",https://image.aladin.co.kr/product/40018/75/cover200/k812130233_1.jpg
[국내도서],버서스 6,아즈마 쿄타로,"5,400원",https://image.aladin.co.kr/product/40024/53/cover200/k852130336_1.jpg
[국내도서],마법소녀를 동경해서 7 (더블특전판),오노나카 아키히로,"6,750원",https://image.aladin.co.kr/product/40054/43/cover200/k832130848_1.jpg
[국내도서],해커스 토익 기출 VOCA (보카),David Cho,"11,610원",https://image.aladin.co.kr/product/17602/13/cover200/s632030676_2.jpg
[국내도서],THE ODYSSEY 오뒷세이아,조태경,"17,820원",https://image.aladin.co.kr/product/39832/27/cover200/k822130810_1.jpg
[국내도서],2027 공단기 써니 행정법총론 기본서 - 전2권,박준철,"39,600원",https://image.aladin.co.kr/product/39800/84/cover200/k122130503_1.jpg
[국내도서],2027 황철곤 행정학 기출문제집 - 전2권,황철곤,"43,200원",https://image.aladin.co.kr/product/40024/58/cover200/k992130438_1.jpg
[국내도서],멜로우TV 5 : 멜당탕탕 빌런의 등장 (특별 한정판),멜로우TV,"24,120원",https://image.aladin.co.kr/product/39996/61/cover200/k552130030_2.jpg
[국내도서],팬텀 버스터즈 7 (한정판),네오쇼코,"27,000원",https://image.aladin.co.kr/product/39992/49/cover200/k592130931_1.jpg
[국내도서],더 시스템,스콧 애덤스,"16,200원",https://image.aladin.co.kr/product/33039/96/cover200/k232937683_1.jpg
[국내도서],인생에 단어가 스며드는 순간,황선엽,"19,800원",https://image.aladin.co.kr/product/39873/71/cover200/k822130317_1.jpg
[국내도서],남편을 내 편으로 만드는 방법 5 (한정판),시루,"35,820원",https://image.aladin.co.kr/product/40015/2/cover200/k762130137_1.jpg
[국내도서],복숭아와 애벌레,안녕달,"15,120원",https://image.aladin.co.kr/product/39725/90/cover200/8936429698_1.jpg
[국내도서],일리아스,호메로스,"31,500원",https://image.aladin.co.kr/product/31656/30/cover200/k922833575_2.jpg
[국내도서],박곰희 연금 부자 수업 (25만 부 기념 리미티드 에디션),박곰희,"18,900원",https://image.aladin.co.kr/product/39410/64/cover200/k342139095_1.jpg
[국내도서],오만과 편견,제인 오스틴,"11,700원",https://image.aladin.co.kr/product/43/68/cover200/s937460882_1.jpg
[국내도서],돈의 심리학 (50만 부 기념 뉴 에디션),모건 하우절,"22,320원",https://image.aladin.co.kr/product/38331/50/cover200/k192034444_1.jpg
[국내도서],NEW 가장 쉬운 독학 일본어 첫걸음,김연수,"15,750원",https://image.aladin.co.kr/product/39717/2/cover200/k132130695_1.jpg
[국내도서],한권으로 읽는 오디세이아,호메로스,"18,900원",https://image.aladin.co.kr/product/39899/86/cover200/k332130923_1.jpg
[국내도서],만화 인소의 법칙 9 (한정판),아현,"25,200원",https://image.aladin.co.kr/product/40024/77/cover200/k442130439_2.jpg
[국내도서],모모세 아키라의 첫사랑 파탄 중 6 (트리플 특전판),하레카와 신타,"6,750원",https://image.aladin.co.kr/product/40054/77/cover200/k522130840_1.jpg
[국내도서],다정한 사람이 이긴다 (스페셜 양장 리커버 개정판),이해인,"17,100원",https://image.aladin.co.kr/product/39021/96/cover200/k462137634_1.jpg
[국내도서],손끝과 연연 13,모리시타 수,"5,400원",https://image.aladin.co.kr/product/39997/42/cover200/k792130031_1.jpg
[국내도서],소년이 온다,한강,"13,500원",https://image.aladin.co.kr/product/4086/97/cover200/8936434128_2.jpg
[국내도서],숨결이 바람 될 때 (10주년 에디션),폴 칼라니티,"17,820원",https://image.aladin.co.kr/product/39905/30/cover200/8965968380_1.jpg
[국내도서],가벼운 나날,제임스 설터,"15,120원",https://image.aladin.co.kr/product/39876/10/cover200/8960901628_3.jpg
[국내도서],위버멘쉬,프리드리히 니체,"16,020원",https://image.aladin.co.kr/product/39408/51/cover200/k922139090_1.jpg
[국내도서],빅터 프랭클의 죽음의 수용소에서,빅터 프랭클,"10,800원",https://image.aladin.co.kr/product/38224/38/cover200/8936812629_1.jpg
[국내도서],고양이는 고양이가 알려 드림,이용한,"15,120원",https://image.aladin.co.kr/product/39873/78/cover200/k092130418_2.jpg
[국내도서],"내가 연인이 될 수 있을 리 없잖아, 무리무리! (※무리가 아니었다?!) 8",미카미 테렌,"9,450원",https://image.aladin.co.kr/product/40022/51/cover200/k952130334_1.jpg
[국내도서],2027 공단기 심슨 보카,심우철,"23,400원",https://image.aladin.co.kr/product/39382/8/cover200/k752139873_2.jpg
[국내도서],처음 읽는 그리스 로마 신화 14,최설희,"15,120원",https://image.aladin.co.kr/product/38856/17/cover200/k902137902_1.jpg
[국내도서],사고외주,홍진기,"13,500원",https://image.aladin.co.kr/product/39608/96/cover200/k552130873_1.jpg
[국내도서],쇼펜하우어 인생수업 : 한 번뿐인 삶 이렇게 살아라 (30만 부 기념 개정증보판),아르투어 쇼펜하우어,"15,750원",https://image.aladin.co.kr/product/37710/17/cover200/k102033168_1.jpg
[국내도서],여덟 단어,박웅현,"15,300원",https://image.aladin.co.kr/product/31815/57/cover200/k672833419_1.jpg
[국내도서],오디세이,김상근,"17,820원",https://image.aladin.co.kr/product/39932/41/cover200/k922130125_1.jpg
[국내도서],세종의 나라 1 (양장),김진명,"19,800원",https://image.aladin.co.kr/product/38600/67/cover200/k562136472_2.jpg
[국내도서],흔한남매의 흔한 호기심 15,흔한남매,"15,120원",https://image.aladin.co.kr/product/39664/72/cover200/k322130298_1.jpg
[국내도서],니체와 함께 지적 대화를,양원근,"16,920원",https://image.aladin.co.kr/product/39597/64/cover200/k072130771_1.jpg
[국내도서],GACHIAKUTA 18,케이 우라나,"6,300원",https://image.aladin.co.kr/product/39997/51/cover200/k902130032_1.jpg
[국내도서],ETS 토익 정기시험 기출문제집 1000 Vol. 4 Listening (리스닝),ETS,"17,820원",https://image.aladin.co.kr/product/33010/92/cover200/8917239498_2.jpg
[국내도서],원피스 114,오다 에이치로,"5,850원",https://image.aladin.co.kr/product/39594/64/cover200/k242130663_1.jpg
[국내도서],세종의 나라 2 (양장),김진명,"19,800원",https://image.aladin.co.kr/product/38600/68/cover200/k532136472_1.jpg
[국내도서],우리는 가장 밝은 밤에 헤어졌다,표도르 도스토옙스키,"16,020원",https://image.aladin.co.kr/product/39581/37/cover200/k932139348_1.jpg
[국내도서],사춘기 엄마의 오장육부,나민애,"16,020원",https://image.aladin.co.kr/product/39067/21/cover200/k662137858_1.jpg
[국내도서],흔한남매 이무기 4,흔한남매,"15,120원",https://image.aladin.co.kr/product/39875/33/cover200/k292130411_2.jpg
[국내도서],하나님께 내 삶을 드린다는 것,윌리엄 로,"15,210원",https://image.aladin.co.kr/product/39932/31/cover200/8944797803_1.jpg
[국내도서],2027 이동기 영어 독해 500제 - 전2권,(주)이앤미래(대표 이동기),"30,600원",https://image.aladin.co.kr/product/40039/24/cover200/k452130743_1.jpg
[국내도서],패밀리 레스토랑 가자. 下,와야마 야마,"7,650원",https://image.aladin.co.kr/product/39610/32/cover200/k982130876_1.jpg
[국내도서],손자병법,손무,"11,700원",https://image.aladin.co.kr/product/37298/6/cover200/k292031545_1.jpg
[국내도서],명상록 (그리스어 원전 완역본),마르쿠스 아우렐리우스,"10,800원",https://image.aladin.co.kr/product/13913/34/cover200/k682532424_3.jpg
[국내도서],2027 공단기 소방단기 써니 행정법총론 핵심집약,박준철,"30,600원",https://image.aladin.co.kr/product/39928/85/cover200/k232130027_2.jpg
[국내도서],이향인,라미 카민스키,"15,210원",https://image.aladin.co.kr/product/38793/3/cover200/k292137262_1.jpg
[국내도서],죽음의 수용소 이후,빅터 프랭클,"16,020원",https://image.aladin.co.kr/product/39582/2/cover200/k482139340_1.jpg
[국내도서],흔한남매의 흔한 국어 1,최재연,"15,120원",https://image.aladin.co.kr/product/39799/40/cover200/k622130405_2.jpg
[국내도서],일 마키아벨리,니콜로 마키아벨리,"16,020원",https://image.aladin.co.kr/product/39775/48/cover200/k932130107_1.jpg
[국내도서],운명의 사람을 만나는 이야기 8,아나신,"5,400원",https://image.aladin.co.kr/product/39978/22/cover200/k302130624_1.jpg
[국내도서],100세까지 월 500만 원 받는 ETF 연금 수업,제도권주식분석(최기원),"20,700원",https://image.aladin.co.kr/product/39929/46/cover200/399294636_1.jpg
[국내도서],어젯밤,제임스 설터,"13,500원",https://image.aladin.co.kr/product/39876/13/cover200/8960900745_2.jpg
[국내도서],생각에 관한 생각,대니얼 카너먼,"26,820원",https://image.aladin.co.kr/product/14013/55/cover200/8934981210_1.jpg
[국내도서],고양이 해결사 깜냥 9,홍민정,"12,600원",https://image.aladin.co.kr/product/39375/36/cover200/8936450530_1.jpg
[국내도서],만화로 보는 5분 한국사,유요,"16,920원",https://image.aladin.co.kr/product/39446/25/cover200/k532139495_1.jpg
[국내도서],김동희 세계관 호기심 환장 RPG,김동희 세계관,"15,210원",https://image.aladin.co.kr/product/39841/90/cover200/k092130115_1.jpg
[국내도서],EBS 왕초보 영어 (2026 하편),마스터유진,"14,400원",https://image.aladin.co.kr/product/39784/44/cover200/k362130309_1.jpg
[국내도서],지리의 기원,제리 브로턴,"17,820원",https://image.aladin.co.kr/product/39828/81/cover200/8925568497_1.jpg
[국내도서],2027 공단기 선재국어 한 권으로 끝장내는 올인원 공무원 국어,이선재,"26,100원",https://image.aladin.co.kr/product/39712/58/cover200/k632130690_1.jpg
[국내도서],목소리가 들린다,최정원,"14,400원",https://image.aladin.co.kr/product/40000/48/cover200/8936431765_1.jpg
[국내도서],전범선의 한국사 테라피,전범선,"19,800원",https://image.aladin.co.kr/product/38793/34/cover200/k922137266_1.jpg
[국내도서],자유민주주의에 무슨 일이 일어났는가?,대런 아세모글루,"25,920원",https://image.aladin.co.kr/product/40000/88/cover200/k062130036_1.jpg
[국내도서],마음밭 기경자,한성열,"20,700원",https://image.aladin.co.kr/product/39953/30/cover200/k582130427_1.jpg
[국내도서],ETS 토익 정기시험 기출문제집 1000 Vol. 4 Reading (리딩),ETS,"17,820원",https://image.aladin.co.kr/product/33010/94/cover200/8917239501_2.jpg
[국내도서],챗GPT·제미나이·클로드까지 모두를 위한 AI,지현이(디지털거북이),"19,800원",https://image.aladin.co.kr/product/39703/87/cover200/k172130496_1.jpg
[국내도서],기억의 무늬,백희성,"17,820원",https://image.aladin.co.kr/product/39899/39/cover200/k532130922_1.jpg
[국내도서],러브 클로젯 연구실,맥시(최수민),"19,800원",https://image.aladin.co.kr/product/40037/9/cover200/k942130749_1.jpg
[국내도서],"상투적으로 불행하고, 특별하게 행복한",락서,"15,750원",https://image.aladin.co.kr/product/40033/85/cover200/k192130634_1.jpg
[국내도서],코스모스,칼 세이건,"19,800원",https://image.aladin.co.kr/product/87/9/cover200/s412032094_1.jpg
[국내도서],불안,알랭 드 보통,"16,200원",https://image.aladin.co.kr/product/1435/6/cover200/8956605599_2.jpg
[국내도서],2027 선재국어 독해야 산다 1일 1독,이선재,"15,300원",https://image.aladin.co.kr/product/39595/88/cover200/k602130665_1.jpg
[국내도서],윈드 브레이커 15~16 세트 - 전2권,니이 사토루,"10,800원",https://image.aladin.co.kr/product/39978/13/cover200/k712130623_1.jpg
[국내도서],행복할 거야 이래도 되나 싶을 정도로,일홍,"16,200원",https://image.aladin.co.kr/product/34385/53/cover200/k082932407_2.jpg
[국내도서],그리스인 조르바,니코스 카잔자키스,"13,320원",https://image.aladin.co.kr/product/603/79/cover200/8932909342_1.jpg
[국내도서],김재우의 기본 동사 100,김재우,"19,800원",https://image.aladin.co.kr/product/37968/89/cover200/k922034869_1.jpg
[국내도서],너무 시끄러운 고독,보후밀 흐라발,"13,500원",https://image.aladin.co.kr/product/8715/79/cover200/8954641547_2.jpg
[국내도서],투자에 대한 생각,하워드 막스,"13,500원",https://image.aladin.co.kr/product/1990/58/cover200/s342534700_1.jpg
[국내도서],2027 심슨 문법,심우철,"15,300원",https://image.aladin.co.kr/product/39641/26/cover200/k302130177_1.jpg
[국내도서],흑집사 35,토보소 야나,"5,400원",https://image.aladin.co.kr/product/39978/21/cover200/k282130624_1.jpg
[국내도서],일러스트로 보는 영국 건축의 언어,매튜 라이스,"6,300원",https://image.aladin.co.kr/product/32100/27/cover200/k352834000_1.jpg
[국내도서],HEXAPODA ORIGAMI 종이접기 곤충도감,김진우,"32,000원",https://image.aladin.co.kr/product/40037/42/cover200/8997772570_2.jpg
[국내도서],"아무튼, 사주",정홍칼리,"10,800원",https://image.aladin.co.kr/product/40031/48/cover200/k762130638_1.jpg
[국내도서],ETS 토익 단기 공략 750+ (LC + RC),ETS,"17,550원",https://image.aladin.co.kr/product/36682/90/cover200/8917243789_2.jpg
[국내도서],무례한 세상에서 나를 지키는 법,발타사르 그라시안,"17,820원",https://image.aladin.co.kr/product/38816/95/cover200/k382137182_1.jpg
[국내도서],김헌의 그리스 로마 신화,김헌,"18,000원",https://image.aladin.co.kr/product/29146/69/cover200/8932474648_1.jpg
[국내도서],오디세이아,니콜라 친퀘티,"15,120원",https://image.aladin.co.kr/product/39992/61/cover200/k052130932_1.jpg
[국내도서],품격 있는 대화를 위한 지식 브리핑,김진,"22,500원",https://image.aladin.co.kr/product/39244/75/cover200/k782138107_2.jpg
[국내도서],김미경의 플러스 휴먼,김미경,"17,550원",https://image.aladin.co.kr/product/39349/9/cover200/k582138437_1.jpg
[국내도서],일리아스,호메로스,"34,200원",https://image.aladin.co.kr/product/87/76/cover200/s722036391_1.jpg
[국내도서],2026 제17회 젊은작가상 수상작품집,김채원,"6,930원",https://image.aladin.co.kr/product/38989/43/cover200/k232137415_1.jpg
[국내도서],ETS 토익 기출보카,ETS,"13,500원",https://image.aladin.co.kr/product/39574/46/cover200/8917244165_1.jpg
[국내도서],해밀턴의 그리스로마신화,이디스 해밀턴,"17,910원",https://image.aladin.co.kr/product/29205/30/cover200/k592837286_1.jpg
[국내도서],에티의 여름,루시 스티즈,"17,550원",https://image.aladin.co.kr/product/39981/58/cover200/k962130733_1.jpg
[국내도서],삶은 그대에게 잘해줄 의무가 없다,페마 초드론,"16,200원",https://image.aladin.co.kr/product/39929/59/cover200/k802130129_1.jpg
[국내도서],누나의 친구 4,타카세 와카,"5,400원",https://image.aladin.co.kr/product/40013/68/cover200/k582130131_1.jpg
[국내도서],타로의 얼렁뚱땅 2,야츠미 츠무,"5,850원",https://image.aladin.co.kr/product/40019/76/cover200/k212130338_1.jpg
[국내도서],전지적 독자 시점 20,슬리피-C,"14,850원",https://image.aladin.co.kr/product/40054/54/cover200/k442130849_1.jpg
[국내도서],부처님 말씀대로 살아보니,토니 페르난도,"17,010원",https://image.aladin.co.kr/product/38537/5/cover200/k732135332_1.jpg
[국내도서],노르웨이의 숲,무라카미 하루키,"15,300원",https://image.aladin.co.kr/product/11561/49/cover200/8937434482_1.jpg
[국내도서],일본어 무작정 따라하기 완전판,후지이 아사리,"23,400원",https://image.aladin.co.kr/product/29877/32/cover200/k712838735_1.jpg
[국내도서],초판본 하늘과 바람과 별과 시 : 1955년 정음사 오리지널 초판본 표지 디자인 (반양장),윤동주,"2,700원",https://image.aladin.co.kr/product/35363/48/cover200/k972035997_1.jpg
[국내도서],뭉우리돌의 광야,김동우,"24,300원",https://image.aladin.co.kr/product/39769/31/cover200/k942130109_2.jpg
[국내도서],찰리 멍거 바이블 완결판,김재현,"27,000원",https://image.aladin.co.kr/product/40032/40/cover200/k082130631_1.jpg
[국내도서],말하지 않고 말하기,김정운,"21,600원",https://image.aladin.co.kr/product/39182/60/cover200/k702138679_1.jpg
[국내도서],출제 공식 29개로 끝내는 정재현 지텔프 Level 2,정재현어학연구소,"14,220원",https://image.aladin.co.kr/product/32462/94/cover200/k302935207_2.jpg
[국내도서],원전번역 일리아스 / 오뒷세이아 세트 - 전2권,호메로스,"63,900원",https://image.aladin.co.kr/product/448/65/cover200/8991290302_1.jpg
[국내도서],제이크쌤의 28시간에 끝내는 토익스피킹 All in One,황인기(제이크),"16,110원",https://image.aladin.co.kr/product/39480/15/cover200/k292139316_1.jpg
[국내도서],오디세이아·일리아스 세트 - 전2권,질리언 크로스,"45,000원",https://image.aladin.co.kr/product/39838/13/cover200/k382130913_1.jpg
[국내도서],너무 성실한 시스템,이산,"18,000원",https://image.aladin.co.kr/product/39790/29/cover200/k842130304_1.jpg
[국내도서],공부 천재들의 남다른 AI 활용법,이보미,"16,020원",https://image.aladin.co.kr/product/39720/93/cover200/k522130709_2.jpg
[국내도서],머도쿠,마누엘 가란드,"20,700원",https://image.aladin.co.kr/product/39548/67/cover200/8927813642_2.jpg
[국내도서],2027 황철곤 행정학 기본서 - 전2권,황철곤,"41,400원",https://image.aladin.co.kr/product/39669/34/cover200/k982130295_1.jpg
[국내도서],2120,조지 와일솔,"27,000원",https://image.aladin.co.kr/product/40015/73/cover200/k432130230_1.jpg
[국내도서],만능문장으로 끝내는 토익스피킹 시계토끼 올인원 기본서,제니쌤(차지영),"19,980원",https://image.aladin.co.kr/product/38156/85/cover200/k642034401_1.jpg
[국내도서],아스파라거스,김양미,"12,150원",https://image.aladin.co.kr/product/39895/43/cover200/k882130824_1.jpg
[국내도서],황천의 츠가이 11 (더블특전판),아라카와 히로무,"5,850원",https://image.aladin.co.kr/product/39841/91/cover200/k172130115_1.jpg
[국내도서],오뒷세이아,호메로스,"23,400원",https://image.aladin.co.kr/product/29561/69/cover200/8937470217_2.jpg
[국내도서],최소한의 세계사,이다지,"20,700원",https://image.aladin.co.kr/product/39264/78/cover200/k432138500_2.jpg
[국내도서],가브리엘의 잉글리시 다이어리,Thomas Gabrielle Allanta,"24,300원",https://image.aladin.co.kr/product/37322/73/cover200/k642031855_1.jpg
[국내도서],구원에게,정영욱,"16,200원",https://image.aladin.co.kr/product/38559/40/cover200/k122135952_1.jpg
[국내도서],수험생을 위한 100일 기도,김종국,"14,400원",https://image.aladin.co.kr/product/215/2/cover200/8984812366_3.jpg
[국내도서],찍히지 않습니다 7,코노시마 루카,"6,300원",https://image.aladin.co.kr/product/39886/74/cover200/k682130728_1.jpg
[국내도서],너를 아끼며 살아라,나태주,"16,650원",https://image.aladin.co.kr/product/36538/54/cover200/k782039949_1.jpg
[국내도서],면도날,서머싯 몸,"13,500원",https://image.aladin.co.kr/product/421/38/cover200/8937462141_2.jpg
[국내도서],흔한남매 방방곡곡 한국사 1,흔한남매,"15,120원",https://image.aladin.co.kr/product/38882/24/cover200/k102137303_1.jpg
[국내도서],집밥력,홀썸모먼트,"29,250원",https://image.aladin.co.kr/product/39609/83/cover200/k282130875_1.jpg
[국내도서],2027 공단기 선재국어 시간 단축 논리 훈련,이선재,"17,100원",https://image.aladin.co.kr/product/39741/2/cover200/k772130902_1.jpg
[국내도서],누구에게나 가슴을 후벼파는 대사 한마디가 있다,정덕현,"19,800원",https://image.aladin.co.kr/product/39828/45/cover200/k682130712_1.jpg
[국내도서],아픈 사람의 99%는 장누수다,강신용,"18,000원",https://image.aladin.co.kr/product/39801/89/cover200/k482130507_1.jpg
[국내도서],"얼지 마, 죽지 마, 사랑하게 될 거야",권혜영,"16,200원",https://image.aladin.co.kr/product/39637/86/cover200/k872130179_1.jpg
[국내도서],입시는 중학교에서 끝난다,오대교,"19,800원",https://image.aladin.co.kr/product/39984/68/cover200/k582130734_1.jpg
[국내도서],사피엔스,유발 하라리,"24,120원",https://image.aladin.co.kr/product/31424/4/cover200/k482832219_1.jpg
[국내도서],동물농장,조지 오웰,"7,200원",https://image.aladin.co.kr/product/4/6/cover200/s93746005x_3.jpg
[국내도서],완벽한 원시인,자청,"19,800원",https://image.aladin.co.kr/product/38694/70/cover200/k612136721_2.jpg
[국내도서],나미야 잡화점의 기적 (무선),히가시노 게이고,"16,920원",https://image.aladin.co.kr/product/30768/99/cover200/k252830652_2.jpg
[국내도서],2027 공단기 심우철 하프 모의고사 Season 1 : 70+,심우철,"12,600원",https://image.aladin.co.kr/product/39705/93/cover200/k342130590_1.jpg
[국내도서],진지인 다이어트 밀프렙 레시피,김지인(진지인),"19,800원",https://image.aladin.co.kr/product/39896/3/cover200/k972130826_1.jpg
[국내도서],데일 카네기 인간관계론 (50만부 돌파 초판 무삭제 완역본),데일 카네기,"10,350원",https://image.aladin.co.kr/product/20945/79/cover200/s652933016_2.jpg
[국내도서],흉담,전건우,"15,300원",https://image.aladin.co.kr/product/39128/54/cover200/k232137457_2.jpg
[국내도서],의자 게임,유소정,"13,500원",https://image.aladin.co.kr/product/39665/60/cover200/8949136058_1.jpg
[국내도서],2026 김건호 헌법 최근 3개년 기출ㆍ예상 헌법판례 [하반기],김건호,"16,000원",https://image.aladin.co.kr/product/39802/63/cover200/k892130608_1.jpg
[국내도서],연금 투자 불패의 법칙,영주 닐슨,"18,900원",https://image.aladin.co.kr/product/39828/24/cover200/k152130712_1.jpg
[국내도서],순례 주택,유은실,"13,500원",https://image.aladin.co.kr/product/26674/56/cover200/8949123495_1.jpg
[국내도서],주술회전 모듈로 1,Yuji Iwasaki,"6,300원",https://image.aladin.co.kr/product/39896/29/cover200/k922130827_1.jpg
[국내도서],JLPT(일본어 능력시험) 한권으로 끝내기 N3,이치우,"25,200원",https://image.aladin.co.kr/product/38900/89/cover200/8927713354_1.jpg
[국내도서],2027 공단기 심슨 독해,심우철,"15,300원",https://image.aladin.co.kr/product/39729/19/cover200/k692130800_1.jpg
[국내도서],알파벳 퍼즐러즈,오야마 세이이치로,"16,200원",https://image.aladin.co.kr/product/39717/3/cover200/k142130695_2.jpg
[국내도서],요리 군과 다시 만날 수는 없어! 1,Sumio Hataya,"5,850원",https://image.aladin.co.kr/product/39830/94/cover200/k842130717_1.jpg
[국내도서],자화상,에두아르 르베,"13,500원",https://image.aladin.co.kr/product/39978/64/cover200/k022130626_2.jpg
[국내도서],인간을 인간답게 만드는 불완전함에 대하여,팀 하포드,"19,800원",https://image.aladin.co.kr/product/39153/34/cover200/k062138867_1.jpg
[국내도서],오디세이아,질리언 크로스,"22,500원",https://image.aladin.co.kr/product/39837/84/cover200/k422130912_1.jpg
[국내도서],마케팅 설계자,러셀 브런슨,"22,320원",https://image.aladin.co.kr/product/30707/77/cover200/k572830145_1.jpg
[국내도서],그 길 위에 우리가 있었다,이재갑,"20,700원",https://image.aladin.co.kr/product/39823/61/cover200/k862130719_2.jpg
[국내도서],한눈에 읽는 오디세이,호메로스,"12,600원",https://image.aladin.co.kr/product/39880/81/cover200/k632130415_1.jpg
[국내도서],클로드 코드 제대로 시작하기,주홍철,"28,800원",https://image.aladin.co.kr/product/39929/3/cover200/k992130128_2.jpg
[국내도서],페넬로피아드,마거릿 애트우드,"14,400원",https://image.aladin.co.kr/product/34481/62/cover200/k822932545_1.jpg
[국내도서],명탐정 코난 : 범인 한자와 씨 10,칸바 마유코,"5,400원",https://image.aladin.co.kr/product/40015/39/cover200/k142130239_1.jpg
[국내도서],10대를 위한 정의란 무엇인가,마이클 샌델,"13,500원",https://image.aladin.co.kr/product/4947/78/cover200/8937886960_2.jpg
[국내도서],운명을 보는 기술,박성준,"16,920원",https://image.aladin.co.kr/product/37480/92/cover200/k252032010_1.jpg
[국내도서],불안의 책 (먼슬리 클래식),페르난두 페소아,"16,200원",https://image.aladin.co.kr/product/39657/24/cover200/8954625762_1.jpg
[국내도서],눈물을 마시는 새 세트 - 전4권 (양장),이영도,"59,400원",https://image.aladin.co.kr/product/39/97/cover200/8982735739_3.jpg
[국내도서],노력이 무기가 될 때,김현주,"17,100원",https://image.aladin.co.kr/product/39762/40/cover200/k662130002_1.jpg
[국내도서],몫이 있는 사람,공근식,"16,650원",https://image.aladin.co.kr/product/39945/12/cover200/8901300311_1.jpg
[국내도서],망각 배터리 23,에코 미카와,"5,400원",https://image.aladin.co.kr/product/40019/78/cover200/k342130338_1.jpg
[국내도서],데미안 (오리지널 초판본 표지디자인),헤르만 헤세,"2,880원",https://image.aladin.co.kr/product/9871/8/cover200/k042535550_2.jpg
[국내도서],나는 소망한다 내게 금지된 것을,양귀자,"13,500원",https://image.aladin.co.kr/product/18936/52/cover200/8998441071_1.jpg
[국내도서],다크 심리학,다크 사이드 프로젝트,"19,710원",https://image.aladin.co.kr/product/36844/27/cover200/k742030204_1.jpg
[국내도서],신 퇴마록 신세편 2,이우혁,"19,800원",https://image.aladin.co.kr/product/39613/92/cover200/k182130972_1.jpg
[국내도서],2026 한 권으로 끝내는 시나공 컴활 2급 필기 + 실기 (컴퓨터활용능력 2급),길벗 R&D,"24,300원",https://image.aladin.co.kr/product/37344/79/cover200/k362032777_1.jpg
[국내도서],푸른 사자 와니니 10,이현,"12,420원",https://image.aladin.co.kr/product/39769/52/cover200/8936443542_2.jpg
[국내도서],단절(들),클레르 마랭,"15,300원",https://image.aladin.co.kr/product/39401/87/cover200/k892139972_2.jpg
[국내도서],유목민의 투자의 정석,유목민,"25,200원",https://image.aladin.co.kr/product/33195/80/cover200/8901279282_2.jpg
[국내도서],상냥한 지옥,이리나 그리고레,"16,200원",https://image.aladin.co.kr/product/39887/47/cover200/k092130721_2.jpg
[국내도서],"미래 과학 신문 몰입 읽기 ""나라면?""",박정란,"12,600원",https://image.aladin.co.kr/product/39932/29/cover200/k612130124_1.jpg
[국내도서],소곤소곤 심리학 토크,황양밍,"16,920원",https://image.aladin.co.kr/product/39960/65/cover200/k462130620_1.jpg
[국내도서],비밀의 들판,마거릿 주혜 리,"19,800원",https://image.aladin.co.kr/product/39952/36/cover200/k742130423_1.jpg
[국내도서],이기적 유전자,리처드 도킨스,"18,000원",https://image.aladin.co.kr/product/17048/25/cover200/8932473900_1.jpg
[국내도서],홍학의 자리,정해연,"12,600원",https://image.aladin.co.kr/product/27587/94/cover200/8954681158_1.jpg
[국내도서],희망,양귀자,"17,820원",https://image.aladin.co.kr/product/24415/15/cover200/899844108x_1.jpg
[국내도서],원펀맨 One Punch Man 35,ONE,"5,400원",https://image.aladin.co.kr/product/39645/28/cover200/k642130270_1.jpg
[국내도서],마음이 단단해지는 하루 한 문장 일본어 필사,안은미,"19,800원",https://image.aladin.co.kr/product/39721/75/cover200/k432130700_1.jpg
[국내도서],엄마를 만나러 가는 길,고먕,"13,500원",https://image.aladin.co.kr/product/39998/41/cover200/k912130033_2.jpg
[국내도서],"공시 6년 실패, 중소기업 김 대리는 어떻게 6년 만에 22억을 벌었나",김동면(겨울잠),"19,800원",https://image.aladin.co.kr/product/39905/69/cover200/k732130029_1.jpg
[국내도서],불편함을 다룰 줄 아는 아이,최재희,"18,000원",https://image.aladin.co.kr/product/39978/28/cover200/k912130625_1.jpg
[국내도서],신 퇴마록 신세편 1,이우혁,"19,800원",https://image.aladin.co.kr/product/39613/89/cover200/k052130972_1.jpg
[국내도서],임신 출산 육아 대백과 (최신개정판),삼성출판사 편집부,"17,550원",https://image.aladin.co.kr/product/39952/16/cover200/891500860x_1.jpg
[국내도서],피로사회,한병철,"12,600원",https://image.aladin.co.kr/product/1571/20/cover200/8932022887_3.jpg
[국내도서],"바로바로 클로드 with 코워크, 스킬, 클로드 코드, 디자인",차진우,"25,200원",https://image.aladin.co.kr/product/39243/86/cover200/k182138105_1.jpg
[국내도서],2027 심슨 구문,심우철,"16,200원",https://image.aladin.co.kr/product/39137/30/cover200/k522137655_1.jpg
[국내도서],한능검 한정판 : 한 권으로 정리하는 판서노트,문동균,"23,400원",https://image.aladin.co.kr/product/39730/85/cover200/k352130803_1.jpg
[국내도서],모두가 자신의 믿음 없음과 싸우고 있다,존 파이퍼,"16,200원",https://image.aladin.co.kr/product/39594/51/cover200/8953153174_1.jpg
[국내도서],물빛인쇄소,함민복,"11,700원",https://image.aladin.co.kr/product/39904/77/cover200/8936425412_1.jpg
[국내도서],2027 이동기 공무원 VOCA,(주)이앤미래(대표 이동기),"23,400원",https://image.aladin.co.kr/product/39721/46/cover200/k182130700_1.jpg
[국내도서],투자는 심리게임이다,앙드레 코스톨라니,"13,500원",https://image.aladin.co.kr/product/32782/31/cover200/k672936488_1.jpg
[국내도서],공주님 고문의 시간입니다 19,하루하라 로빈슨,"5,400원",https://image.aladin.co.kr/product/40024/53/cover200/k722130336_1.jpg
[국내도서],왕좌 전쟁,김병삼,"18,000원",https://image.aladin.co.kr/product/40025/1/cover200/8953153557_1.jpg
[국내도서],작별하지 않는다,한강,"15,120원",https://image.aladin.co.kr/product/27877/5/cover200/8954682154_3.jpg
[국내도서],빨모쌤의 라이브 영어회화,빨간모자쌤 신용하,"19,800원",https://image.aladin.co.kr/product/33799/49/cover200/s512137751_1.jpg
[국내도서],신 퇴마록 신세편 3,이우혁,"19,800원",https://image.aladin.co.kr/product/39614/6/cover200/k352130972_1.jpg
[국내도서],제철 행복,김신지,"16,020원",https://image.aladin.co.kr/product/33842/43/cover200/k982930091_2.jpg
[국내도서],제로 투 원 (10주년 기념판),피터 틸,"16,200원",https://image.aladin.co.kr/product/36235/91/cover200/k102038607_1.jpg
[국내도서],아몬드,손원평,"15,120원",https://image.aladin.co.kr/product/31893/32/cover200/k212833749_2.jpg
[국내도서],너와 장밋빛 매일 3 (트리플 특전판),히로 치히로,"5,400원",https://image.aladin.co.kr/product/39873/60/cover200/k332130317_1.jpg
[국내도서],말은 운명을 데려온다,이하영,"17,820원",https://image.aladin.co.kr/product/39449/29/cover200/k962139593_1.jpg
[국내도서],질문의 격,유선경,"16,020원",https://image.aladin.co.kr/product/36419/32/cover200/k542039095_1.jpg
[국내도서],백년 허리 2 : 치료편,정선근,"16,650원",https://image.aladin.co.kr/product/27124/76/cover200/k272731146_1.jpg
[국내도서],크툴루의 부름 : 수호자 룰북,샌디 피터슨,"34,200원",https://image.aladin.co.kr/product/9573/37/cover200/8988060393_1.jpg
[국내도서],나는 고양이로소이다 (한정판),나쓰메 소세키,"15,120원",https://image.aladin.co.kr/product/39356/87/cover200/8932925739_1.jpg
[국내도서],2026 시대에듀 한국실용글쓰기 실제 기출로 끝내기,이원근,"18,000원",https://image.aladin.co.kr/product/38009/48/cover200/k352034881_1.jpg
[국내도서],섬뜩한 코바늘,에런 레이놀즈,"13,500원",https://image.aladin.co.kr/product/39819/82/cover200/8964965582_1.jpg
[국내도서],인생의 단맛을 보여주마,김영민,"16,200원",https://image.aladin.co.kr/product/39928/59/cover200/k792130026_1.jpg
[국내도서],사피엔스 : 그래픽 히스토리 Vol.4,유발 하라리,"17,820원",https://image.aladin.co.kr/product/39380/92/cover200/k152139871_1.jpg
[국내도서],간결한 식탁 레시피,간결한 식탁(이해나),"23,400원",https://image.aladin.co.kr/product/39995/69/cover200/k392130038_1.jpg
[국내도서],돈의 속성 (400쇄 리커버 에디션),김승호,"16,020원",https://image.aladin.co.kr/product/35910/69/cover200/k412037592_3.jpg
[국내도서],최소한의 삼국지,최태성,"17,550원",https://image.aladin.co.kr/product/37773/21/cover200/k002033562_2.jpg
[국내도서],달과 6펜스,서머싯 몸,"9,000원",https://image.aladin.co.kr/product/23/77/cover200/s692639624_2.jpg
[국내도서],제자리에 있다는 것,클레르 마랭,"15,120원",https://image.aladin.co.kr/product/36383/21/cover200/k372039679_1.jpg
[국내도서],최민준의 아들코칭 백과,최민준,"16,920원",https://image.aladin.co.kr/product/32359/47/cover200/k882935466_1.jpg
[국내도서],침묵,엔도 슈사쿠,"12,600원",https://image.aladin.co.kr/product/39/86/cover200/s522532323_2.jpg
[국내도서],히스토리아 비테이,최재천,"21,600원",https://image.aladin.co.kr/product/39331/0/cover200/k282138333_1.jpg
[국내도서],빨치산 리포트,정인,"27,000원",https://image.aladin.co.kr/product/39953/33/cover200/k502130427_1.jpg
[국내도서],타몬 군 지금 어느 쪽?! 13,시와스 유키,"6,300원",https://image.aladin.co.kr/product/39997/41/cover200/k782130031_1.jpg
[국내도서],"십 대를 위한 부자 습관, 부자 마인드",한지우,"16,020원",https://image.aladin.co.kr/product/39889/75/cover200/k052130726_1.jpg
[국내도서],벡 Beck 신장판 8,해롤드 사쿠이시,"10,800원",https://image.aladin.co.kr/product/40013/68/cover200/k682130131_1.jpg
[국내도서],역사는 사라지지 않는다,배기성,"20,700원",https://image.aladin.co.kr/product/38705/23/cover200/k472136921_1.jpg
[국내도서],세이노의 가르침 (화이트 에디션),세이노(SayNo),"6,480원",https://image.aladin.co.kr/product/30929/51/cover200/s192030030_1.jpg
[국내도서],백지 앞에서,최은영,"15,750원",https://image.aladin.co.kr/product/39137/0/cover200/k732137654_1.jpg
[국내도서],장송의 프리렌 15,야마다 카네히토,"6,300원",https://image.aladin.co.kr/product/39544/46/cover200/k622139842_1.jpg
[국내도서],악마는 열심히 산다,김화진,"13,500원",https://image.aladin.co.kr/product/39617/18/cover200/8937477475_1.jpg
[국내도서],착한 염증 나쁜 염증,이승훈,"18,900원",https://image.aladin.co.kr/product/39137/32/cover200/8901299771_1.jpg
[국내도서],얼굴만으론 좋아할 수 없어요 17,안자이 카린,"5,400원",https://image.aladin.co.kr/product/39940/27/cover200/k372130224_1.jpg
[국내도서],혹시 나한테 화났나?,멕 조지프슨,"17,820원",https://image.aladin.co.kr/product/39830/41/cover200/k762130716_1.jpg
[국내도서],헝거 게임 : 50번째 추첨의 날,수잔 콜린스,"18,000원",https://image.aladin.co.kr/product/39928/86/cover200/k372130027_1.jpg
[국내도서],나는 오늘도 유물과 대화하러 간다,서헌강,"19,800원",https://image.aladin.co.kr/product/39938/18/cover200/k662130229_1.jpg
[국내도서],"KBS한국어능력시험 공식 기출문제집 2026 상반기 제91, 90, 89회 + 모의고사 2회 + 무료 특강",KBS한국어진흥원,"27,000원",https://image.aladin.co.kr/product/39842/4/cover200/8969657495_1.jpg
[국내도서],이효석문학상 수상작품집 2026,박솔뫼,"15,300원",https://image.aladin.co.kr/product/40030/79/cover200/k562130536_1.jpg
[국내도서],총 균 쇠,재레드 다이아몬드,"26,820원",https://image.aladin.co.kr/product/31629/43/cover200/8934942460_1.jpg
[국내도서],유럽 도시 기행 2,유시민,"15,750원",https://image.aladin.co.kr/product/29689/64/cover200/8965137705_1.jpg
[국내도서],불안 세대,조너선 하이트,"22,320원",https://image.aladin.co.kr/product/34372/90/cover200/8901285894_2.jpg
[국내도서],어른의 감정을 돌보는 100일 필사 노트,김종원,"18,000원",https://image.aladin.co.kr/product/38875/45/cover200/k362137106_3.jpg
[국내도서],2026 단기 합격 해커스공기업 NCS 통합 기본서 (모듈형+피듈형+PSAT형+모의고사 6회분),윤종혁,"24,300원",https://image.aladin.co.kr/product/38213/7/cover200/8969656871_1.jpg
[국내도서],손절사회,이승연,"18,900원",https://image.aladin.co.kr/product/39061/33/cover200/k852137647_1.jpg
[국내도서],수학이 필요한 순간,김민형,"16,020원",https://image.aladin.co.kr/product/15892/11/cover200/s882035792_1.jpg
[국내도서],읽지 않는 사람들,나오미 배런,"19,800원",https://image.aladin.co.kr/product/39581/99/cover200/8901300095_1.jpg
[국내도서],"사라지는 돈, 살아남는 돈, 불어나는 돈",김효진,"18,900원",https://image.aladin.co.kr/product/39701/80/cover200/k262130491_1.jpg
[국내도서],신의 숨결에 날리는 깃털,시그리드 누네즈,"16,650원",https://image.aladin.co.kr/product/39782/99/cover200/k082130205_1.jpg
[국내도서],싫을 땐 싫다고 말해요,다그마 가이슬러,"15,120원",https://image.aladin.co.kr/product/39656/59/cover200/k002130199_1.jpg
[국내도서],묘쌤은 이렇게 말했다 11,무테키 소다,"6,300원",https://image.aladin.co.kr/product/39945/31/cover200/k972130321_1.jpg
[국내도서],일리아스 (국내 유일 명화 103점 수록 완역본),호메로스,"27,000원",https://image.aladin.co.kr/product/36238/98/cover200/k932038716_2.jpg
[국내도서],우리는 여름을 쓰기로 했다,에밀리 헨리,"16,200원",https://image.aladin.co.kr/product/39952/57/cover200/k412130424_1.jpg
[국내도서],우리는 모두 한 편의 시로부터,김기택,"16,200원",https://image.aladin.co.kr/product/39938/36/cover200/k022130220_1.jpg
[국내도서],"살 것인가, 팔 것인가, 버틸 것인가 Buy·Sell·Hold",목대균,"25,200원",https://image.aladin.co.kr/product/39938/86/cover200/k142130221_1.jpg
[국내도서],독성 인간,리앤 텐 브링크,"18,900원",https://image.aladin.co.kr/product/39887/68/cover200/8901300281_1.jpg
[국내도서],아리미의 베스트셀러 샌드위치,신아림,"22,500원",https://image.aladin.co.kr/product/40026/95/cover200/k452130539_1.jpg
[국내도서],선생님으로 ○○하면 안 됩니다! 3,무샤사부,"6,300원",https://image.aladin.co.kr/img/19book_150cover.jpg
[국내도서],가공범,히가시노 게이고,"19,800원",https://image.aladin.co.kr/product/36786/80/cover200/k472030698_3.jpg
[국내도서],최소한의 한국사,최태성,"17,820원",https://image.aladin.co.kr/product/31888/53/cover200/s272137201_1.jpg
[국내도서],노인과 바다,어니스트 헤밍웨이,"7,200원",https://image.aladin.co.kr/product/1452/24/cover200/8937462788_3.jpg
[국내도서],읽으면서 바로 써먹는 어린이 공포의 수학 퍼즐 1,한날,"11,700원",https://image.aladin.co.kr/product/36862/38/cover200/k592030501_1.jpg
[국내도서],당신의 독자가 될게요,정세랑,"15,300원",https://image.aladin.co.kr/product/39495/53/cover200/8960909963_1.jpg
[국내도서],일상주의자의 감각,김이나,"16,200원",https://image.aladin.co.kr/product/39605/37/cover200/k192130878_1.jpg
[국내도서],JLPT(일본어 능력시험) 한권으로 끝내기 N2,이치우,"25,200원",https://image.aladin.co.kr/product/38812/0/cover200/8927713346_1.jpg
[국내도서],쓰가루,다자이 오사무,"11,700원",https://image.aladin.co.kr/product/38138/2/cover200/8937464713_1.jpg
[국내도서],"오뒷세이아, 어떻게 읽을 것인가",김태진,"19,800원",https://image.aladin.co.kr/product/39905/86/cover200/8937449633_1.jpg
[국내도서],마법소녀를 동경해서 6 (더블특전판),오노나카 아키히로,"6,750원",https://image.aladin.co.kr/product/39872/83/cover200/k172130314_1.jpg
[국내도서],2027 이기적 빅데이터분석기사 필기 기본서,나홍석,"29,700원",https://image.aladin.co.kr/product/39931/94/cover200/8931482744_1.jpg
[국내도서],전설로 떠나는 월가의 영웅,피터 린치,"32,400원",https://image.aladin.co.kr/product/39648/30/cover200/8957822674_1.jpg
[국내도서],오디세이아,아우구스테 레히너,"13,500원",https://image.aladin.co.kr/product/11586/2/cover200/8932030227_2.jpg
[국내도서],공부가 즐겁다는 공자의 말을 믿어도 될까,판덩,"16,650원",https://image.aladin.co.kr/product/39584/97/cover200/k702139641_1.jpg
[국내도서],켄투리아 6,쿠라모리 토오루,"5,400원",https://image.aladin.co.kr/product/39997/36/cover200/k302130031_1.jpg
[국내도서],친일문학론,임종국,"33,250원",https://image.aladin.co.kr/product/2649/99/cover200/8993741107_1.jpg
[국내도서],이번 생은 가주가 되겠습니다 2부 6,몬,"14,400원",https://image.aladin.co.kr/product/40013/87/cover200/k872130132_1.jpg
[국내도서],이거 그리고 죽어 8,토요다 미노루,"5,400원",https://image.aladin.co.kr/product/40036/52/cover200/k412130637_1.jpg
[국내도서],천 년의 후더닛,아사네 주지,"17,820원",https://image.aladin.co.kr/product/40054/56/cover200/k512130849_1.jpg
[국내도서],렛뎀 이론,멜 로빈스,"18,000원",https://image.aladin.co.kr/product/36949/35/cover200/k532030618_2.jpg
[국내도서],달리기를 말할 때 내가 하고 싶은 이야기,무라카미 하루키,"13,050원",https://image.aladin.co.kr/product/302/5/cover200/8970128336_3.jpg
[국내도서],죽은 왕녀를 위한 파반느 (양장 특별판),박민규,"18,000원",https://image.aladin.co.kr/product/37794/24/cover200/s692135115_2.jpg
[국내도서],5번 레인 (30만 부 기념 Take your marks 에디션),은소홀,"12,600원",https://image.aladin.co.kr/product/39262/22/cover200/s852138404_1.jpg
[국내도서],"큰별쌤 최태성의 별별한국사 시대별 기출문제집 한국사능력검정시험 심화(1,2,3급)",최태성,"17,730원",https://image.aladin.co.kr/product/36565/95/cover200/k242039142_2.jpg
[국내도서],이지패스 2026 ADsP 데이터분석 준전문가 (수험서 앱 제공),전용문,"27,000원",https://image.aladin.co.kr/product/37945/5/cover200/k852033455_1.jpg
[국내도서],김재우의 기초 영어회화 100,김재우,"17,010원",https://image.aladin.co.kr/product/35323/86/cover200/k242035376_1.jpg
[국내도서],에그박사 18,에그박사,"15,120원",https://image.aladin.co.kr/product/39090/69/cover200/k422137052_1.jpg
[국내도서],엄마를 만나러 가는 길 3,고먕,"16,020원",https://image.aladin.co.kr/product/39958/2/cover200/k602130523_1.jpg
[국내도서],기후로 보는 한국사,박정재,"17,820원",https://image.aladin.co.kr/product/39931/50/cover200/k652130123_1.jpg
[국내도서],내 마음의 위험한 녀석 13,사쿠라이 노리오,"6,300원",https://image.aladin.co.kr/product/39517/35/cover200/k772139517_1.jpg
[국내도서],도도클럽 1,조우리,"13,500원",https://image.aladin.co.kr/product/39930/24/cover200/8936431773_1.jpg
[국내도서],달님이 바라시는 대로 9,키우치 라무네,"5,400원",https://image.aladin.co.kr/product/40015/40/cover200/k202130239_1.jpg
[국내도서],인생 역전 3,D,"7,650원",https://image.aladin.co.kr/product/40022/56/cover200/k012130334_1.jpg
[국내도서],예수로 충분하다,박광리,"11,700원",https://image.aladin.co.kr/product/40002/65/cover200/k092130138_1.jpg
[국내도서],"착한 판사, 나쁜 판사",류기인,"16,200원",https://image.aladin.co.kr/product/40020/73/cover200/k832130339_1.jpg
[국내도서],역사 앞에서 : 상,김성칠,"24,300원",https://image.aladin.co.kr/product/40002/90/cover200/8936481630_1.jpg
[국내도서],오디세이 비주얼 아트북,제임스 모트램,"28,800원",https://image.aladin.co.kr/product/40039/79/cover200/k452130744_1.jpg
[국내도서],초판본 어린 왕자 (무선),앙투안 드 생텍쥐페리,"2,700원",https://image.aladin.co.kr/product/28050/46/cover200/k102734432_2.jpg
[국내도서],일본어 문법 무작정 따라하기,후지이 아사리,"23,400원",https://image.aladin.co.kr/product/30963/87/cover200/k212831201_1.jpg
[국내도서],라오어의 미국주식 무한매수법,라오어,"14,400원",https://image.aladin.co.kr/product/27218/30/cover200/k212732293_1.jpg
[국내도서],죄와 벌 1,표도르 도스토옙스키,"9,900원",https://image.aladin.co.kr/product/1621/17/cover200/8937462842_3.jpg
[국내도서],2027 해커스공무원 신민숙 쉬운국어 한 권으로 끝 (9급 공무원),신민숙,"19,800원",https://image.aladin.co.kr/product/39169/53/cover200/k572138160_1.jpg
[국내도서],에이든 일본 여행 도감 100,이정기,"29,700원",https://image.aladin.co.kr/product/39769/65/cover200/k522130109_1.jpg
[국내도서],오디세이 메이킹북,제임스 모트램,"108,000원",https://image.aladin.co.kr/product/39939/38/cover200/k192130223_1.jpg
[국내도서],채식주의자 (리마스터판),한강,"15,300원",https://image.aladin.co.kr/product/29137/2/cover200/8936434594_2.jpg
[국내도서],단 한 번의 삶,김영하,"15,120원",https://image.aladin.co.kr/product/36114/12/cover200/s602038067_2.jpg
[국내도서],룩 백,후지모토 타츠키,"5,400원",https://image.aladin.co.kr/product/29088/67/cover200/k932837765_1.jpg
[국내도서],영어책 한 권 외워봤니? 뉴 에디션,김민식,"18,000원",https://image.aladin.co.kr/product/37605/22/cover200/k962032835_1.jpg
[국내도서],독끝 NCS 통합 기본서(PAST형+모듈형+피듈형) : 공기업 NCS 대비 세트 - 전2권,길잡이연구소,"26,100원",https://image.aladin.co.kr/product/36888/3/cover200/k322030712_4.jpg
[국내도서],흔한남매 과학 탐험대 17 : 뇌와 호르몬,흔한남매,"15,120원",https://image.aladin.co.kr/product/39117/44/cover200/k652137351_2.jpg
[국내도서],1984 (오리지널 초판본 표지 디자인),조지 오웰,"3,870원",https://image.aladin.co.kr/product/24555/31/cover200/s642937439_1.jpg
[국내도서],여름은 고작 계절,김서해,"15,750원",https://image.aladin.co.kr/product/36659/27/cover200/k712030086_1.jpg
[국내도서],살,데이비드 솔로이,"16,920원",https://image.aladin.co.kr/product/39641/75/cover200/k672130278_1.jpg
[국내도서],읽으면서 바로 써먹는 어린이 낱말 퍼즐,한날,"11,700원",https://image.aladin.co.kr/product/39138/67/cover200/k682138769_2.jpg
[국내도서],키르케,매들린 밀러,"15,300원",https://image.aladin.co.kr/product/24108/65/cover200/k482639535_1.jpg
[국내도서],새벽의 연화 47 (한정판),미즈호 쿠사나기,"19,800원",https://image.aladin.co.kr/product/39790/39/cover200/k042130305_1.jpg
[국내도서],슈퍼 뒤에서 담배 피우는 두 사람 8,지누시,"6,300원",https://image.aladin.co.kr/product/39551/8/cover200/k412139048_1.jpg
[국내도서],내 몸을 바꾸는 집밥테라피,박용우,"21,600원",https://image.aladin.co.kr/product/39325/45/cover200/k172138233_1.jpg
[국내도서],지금 세계사 1,최태성,"15,120원",https://image.aladin.co.kr/product/39906/1/cover200/k992130021_2.jpg
[국내도서],나를 우습게 봤겠지만,베라 쿠리안,"18,900원",https://image.aladin.co.kr/product/39882/32/cover200/k852130612_1.jpg
[국내도서],두려움과 슬픔을 느낄 때,니나 봔 고르콤,500원,https://image.aladin.co.kr/product/4/18/cover150/8985186388_1.jpg
[국내도서],알리바이의 해부학,애슐리 엘스턴,"16,200원",https://image.aladin.co.kr/product/40015/30/cover200/k972130239_1.jpg
[국내도서],일렉트로닉 뮤직 명반 가이드북,이대화,"25,200원",https://image.aladin.co.kr/product/40036/44/cover200/k592130636_1.jpg
[국내도서],원페이지 교육학 기본서 상,Dave,"38,000원",https://image.aladin.co.kr/product/33976/8/cover200/k892930447_1.jpg
[국내도서],ETS 토익 단기 공략 850+ (LC + RC),ETS,"17,550원",https://image.aladin.co.kr/product/29711/93/cover200/8917237959_1.jpg
[국내도서],처음 읽는 그리스 로마 신화 13,최설희,"15,120원",https://image.aladin.co.kr/product/36581/65/cover200/k912039453_1.jpg
[국내도서],의약품 살인사건,백승만,"17,100원",https://image.aladin.co.kr/product/39315/81/cover200/k442138139_1.jpg
[국내도서],디그 잇 2 (더블특전판),Yoshidamaru,"6,300원",https://image.aladin.co.kr/product/39251/94/cover200/k152138303_1.jpg
[국내도서],번역의 철학,데이미언 설스,"19,800원",https://image.aladin.co.kr/product/39725/96/cover200/k312130704_2.jpg
[국내도서],엄마를 만나러 가는 길 4,고먕,"16,020원",https://image.aladin.co.kr/product/39958/4/cover200/k742130523_1.jpg
[국내도서],결국 어떻게든 되더라고요,정일영,"15,750원",https://image.aladin.co.kr/product/39830/89/cover200/k852130717_1.jpg
[국내도서],히포크라테스 회한,나카야마 시치리,"16,200원",https://image.aladin.co.kr/product/39978/23/cover200/k442130624_1.jpg
[국내도서],슬픔의 발견,바버라 블래츨리,"17,820원",https://image.aladin.co.kr/product/39928/92/cover200/k582130027_1.jpg
[국내도서],사토 씨의 친구,마스다 미리,"13,500원",https://image.aladin.co.kr/product/40022/90/cover200/k592130334_1.jpg
[국내도서],캔버스에 유채,이기리,"10,800원",https://image.aladin.co.kr/product/40020/78/cover200/k112130330_1.jpg
[국내도서],설국,가와바타 야스나리,"7,200원",https://image.aladin.co.kr/product/32/87/cover200/s092934786_1.jpg
[국내도서],유럽 도시 기행 1,유시민,"14,850원",https://image.aladin.co.kr/product/19654/27/cover200/8965135583_3.jpg
[국내도서],백년 허리 1 : 진단편,정선근,"16,650원",https://image.aladin.co.kr/product/26952/44/cover200/k872730815_2.jpg
[국내도서],패밀리 레스토랑 가자. 上,와야마 야마,"7,650원",https://image.aladin.co.kr/product/33705/44/cover200/8954698727_1.jpg
[국내도서],부의 사다리에 올라타라,닉 매기울리,"20,700원",https://image.aladin.co.kr/product/38934/1/cover200/8925569574_1.jpg
[국내도서],처음 읽는 삼국지 4,이문열,"15,120원",https://image.aladin.co.kr/product/39065/97/cover200/k142137754_1.jpg
[국내도서],"의사 어벤저스 27 : 수면 장애, 편안한 사이가 돼라!",고희정,"14,220원",https://image.aladin.co.kr/product/39738/13/cover200/k412130909_1.jpg
[국내도서],슈퍼 뒤에서 담배 피우는 두 사람 1,지누시,"5,400원",https://image.aladin.co.kr/product/32042/88/cover200/k082834881_1.jpg
[국내도서],코끼리 스텔라 우주 비행사가 되다,제임스 폴리,"15,120원",https://image.aladin.co.kr/product/32538/72/cover200/8949114399_1.jpg
[국내도서],지적인 삶을 위한 열 가지 철학,오카모토 유이치로,"17,820원",https://image.aladin.co.kr/product/39575/6/cover200/k522139147_1.jpg
[국내도서],시간을 건너는 집,김하연,"13,320원",https://image.aladin.co.kr/product/36250/71/cover200/k832038521_2.jpg
[국내도서],영어 문장 늘리기 훈련,지정연,"20,700원",https://image.aladin.co.kr/product/39980/17/cover200/k952130730_1.jpg
[국내도서],시노비고토 7,미타라시 산타,"6,300원",https://image.aladin.co.kr/product/39997/36/cover200/k332130031_1.jpg
[국내도서],호밀밭의 파수꾼,제롬 데이비드 샐린저,"10,800원",https://image.aladin.co.kr/product/30882/22/cover200/8937460475_2.jpg
[국내도서],해커스 일본어 첫걸음 : 기초 20일 독학 완성!,해커스JLPT연구소,"12,510원",https://image.aladin.co.kr/product/27470/88/cover200/8965424216_3.jpg
[국내도서],참을 수 없는 존재의 가벼움,밀란 쿤데라,"11,700원",https://image.aladin.co.kr/product/610/30/cover200/s772137205_1.jpg
[국내도서],상상 속의 삶,앤드루 포터,"17,820원",https://image.aladin.co.kr/product/39448/62/cover200/k762139598_1.jpg
[국내도서],세상이 그대를 속일지라도,김상욱,"16,200원",https://image.aladin.co.kr/product/39423/32/cover200/8962627140_2.jpg
[국내도서],딱 1년만 미쳐라,리치파카(강연주),"17,820원",https://image.aladin.co.kr/product/38752/94/cover200/k792136047_1.jpg
[국내도서],"나도 내 마음을 모를 때, 불교심리학",보만,"17,100원",https://image.aladin.co.kr/product/37692/28/cover200/k602033962_1.jpg
[국내도서],쇼펜하우어 인생수업 2 : 한 번뿐인 삶 이렇게 살아라,아르투어 쇼펜하우어,"15,750원",https://image.aladin.co.kr/product/36383/14/cover200/k292039679_1.jpg
[국내도서],시험 문해력 잡는 어휘 사전,김주혜,"19,800원",https://image.aladin.co.kr/product/38535/72/cover200/k572135339_1.jpg
[국내도서],GACHIAKUTA 18 (한정판),케이 우라나,"39,600원",https://image.aladin.co.kr/product/39997/49/cover200/k962130032_1.jpg
[국내도서],2026 COMPACT 형사법 최신판례,김기용,"27,000원",https://image.aladin.co.kr/product/39822/99/cover200/k282130719_1.jpg
[국내도서],"2027 해커스공무원 3분의 1로 줄여 쓴 김대현 행정법총론 기본서 (9급, 7급 공무원)",김대현,"28,800원",https://image.aladin.co.kr/product/39543/95/cover200/k502139840_1.jpg
[국내도서],2027 해커스공무원 기출 보카 3000+ 1~2권+영어단어 미니암기장 3종 세트 - 전3권 (스프링),해커스 공무원시험연구소,"23,310원",https://image.aladin.co.kr/product/39736/5/cover200/k832130804_1.jpg
[국내도서],아메리칸 서바이벌,올리버 그랜트,"19,800원",https://image.aladin.co.kr/product/39928/93/cover200/k542130027_1.jpg
[국내도서],한밤중 하트튠 11,이가라시 마사쿠니,"5,400원",https://image.aladin.co.kr/product/39978/21/cover200/k242130624_1.jpg
[국내도서],초판본 오디세이아,호메로스,"7,920원",https://image.aladin.co.kr/product/39958/5/cover200/k152130524_1.jpg
[국내도서],재혼황후 11,히어리,"15,120원",https://image.aladin.co.kr/product/40030/75/cover200/k012130536_1.jpg
[국내도서],불행에 몰두하지 않는다,정지우,"16,650원",https://image.aladin.co.kr/product/40013/98/cover200/k752130133_1.jpg
[국내도서],해커스 토익 RC Reading(리딩) 기본서,David Cho,"16,920원",https://image.aladin.co.kr/product/30640/30/cover200/s432931235_1.jpg
[국내도서],여름을 한 입 베어 물었더니,이꽃님,"12,150원",https://image.aladin.co.kr/product/32294/5/cover200/8954694578_1.jpg
[국내도서],뿐이 토핑 이유식,정주희,"26,820원",https://image.aladin.co.kr/product/33511/4/cover200/k742938457_1.jpg
