브랜드명,제품명,원래가격,할인가격,리뷰 수,리뷰 점수
나이스고스트클럽,JS TOMIE HELLO KITTY TEE_WHITE(NG2GMUT540G),59000,53100,9,100
108파운드,Days Comfort Fit Shirt_White,89000,67640,0,0
무신사 스탠다드,[SSG랜더스 컬래버] 피그먼트 다이드 베이스볼 셔츠 [차콜 그레이],89900,89900,15,100
나이키,민소매 티셔츠 M - 블랙:하이퍼 핑크 / IM6145-011,59000,59000,14,98
일꼬르소,시어서커 하드 트위스트 체크 셔츠 블랙,99000,79200,0,0
무신사 스탠다드 우먼,우먼즈 CR 스트라이프 릴렉스드 긴소매 티셔츠 [올리브],25900,23310,24,100
하이스쿨디스코,플라워 오프숄더 숏슬리브_베이지,52000,33280,1,80
댄꼼마,짱구 닭살커플 반팔 티셔츠 2팩,60000,49900,0,0
쿠톤,폴라리스 롤업 세미크롭 반팔 티셔츠 [버건디],44000,33000,4,90
해비즘,FLOWER APLIQUE RAGLAN L/S TEE(PLUM),62000,42160,0,0
밀리언코르,허쉬 슬리브리스 골지나시 (블루),29000,20300,0,0
어반드레스,Sally V-cut Stripe Layered Short Sleeve_4Colors,49000,34300,11,98
루프,베이직 언발 오프숄더 긴팔티 차콜,58000,55000,0,0
나이키,플렉스 드라이 핏 긴소매 트레이닝 탑 M - 화이트:블랙 / IO1428-100,39000,39000,4,100
무드인사이드 우먼,(woman) 리브드 헨리넥 롱슬리브_6Color,59900,29900,0,0
나이키,스포츠웨어 탱크 탑 M - 블랙 / IM3820-010,55000,46750,0,0
칙스,소프트 거즈 레이어드 오버핏 긴팔 티셔츠,24000,11830,4,86
트릴리온,[기획] 에센셜 CP 이중지 크롭 긴팔티_7color,39000,23900,64,98
나이키,민소매 티셔츠 M - 카모 그린:라이트 아미 / IM6145-303,59000,59000,6,96
에잇세컨즈,체크 라운드칼라 블라우스  와인,49900,40770,2,80
그리쉬,롤업 레이어드 크롭 반팔티 [블랙],49000,27930,2,60
에잇세컨즈,[Disney] 슬림 레귤러핏 그래픽 티셔츠  그레이,29900,25420,7,94
노티카,아치 프레임 로고 티셔츠(3colors) NTS6026,29000,17400,13,96
아디다스,케어베어 OS 티 - 블랙 / IA4539,69000,65550,8,100
미쏘,보트넥 7부 티셔츠_MIWHWG910A,19900,16910,1,80
나이키,스위프트 에어로 핏 반소매 러닝 탑 W - 블랙:라이트 그린 스파크 / IH8115-014,95000,85500,6,100
해비즘,W NAME CARD L/S TEE(MINT),49000,33320,0,0
후드후드,Girl Stress Nutrition 레이어드 롤업 반팔티셔츠 네이비,45000,30380,1,100
앰부시,메이크 아트 반소매 티셔츠 - 화이트 / 1211532810,295000,59990,4,100
에잇세컨즈,[Disney] 오버핏 그래픽 반소매 티셔츠  브라운,39900,33920,4,100
다미쉬,고딕 크로스 자수 버튼 탱크탑_블랙,43000,30960,7,94
108파운드,Dusty Raglan Tee_Melange Gray,49000,32540,1,100
쿠어,소프트 브러쉬드 멀티핀 스트라이프 티셔츠 (차콜),85000,76500,0,0
댄꼼마,스폰지밥 호러에디션 반팔 티셔츠,60000,39900,11,84
어프레쉬,[3PACK] 아스킨 머슬핏 숏슬리브,65000,39900,1,100
언더아머,APAC 스포츠스타일 우븐 크루6014349-001,109000,76300,1,100
디미트리블랙,[10주년기획] © 모두의 데일리 런드리 셔츠_7 COLOR,44900,29900,17,92
디미트리블랙,모크넥 쿼터 집업 맨투맨 티셔츠_3 COLOR,60000,38900,0,0
피지컬 디파트먼트,나일론 사커 롱슬리브_다크 블루,69000,17910,14,98
쏘비,세미크롭 bump post 긴팔티 [네이비],26800,21200,0,0
무신사 스탠다드 우먼,우먼즈 더블 니트 칼라드 스웨트셔츠 [다크 브라운],45900,41310,2,100
마인드브릿지,3-버튼 헨리넥 오버핏 반팔 티셔츠 - 2color,49900,24900,6,96
에트오소메,Jacquard Corset Line Pocket Shirt (Black),101000,90900,0,0
살로몬,펄스웨이브 메쉬 롱 슬리브_LD0415000,130000,130000,8,98
무신사 스탠다드 우먼,우먼즈 체크 텍스처드 베이비 돌 블라우스 [블랙],45900,43600,58,96
시스에이,레이어드 컷아웃 체크 하프 셔츠 [purple],84000,64340,53,92
에스이에스티,Stripe Block Henry Neck Slim Fit T-shirts Navy,49000,16900,0,0
스탠다드에러,87-STAN335 Y2K 트리니티 글리치 피그먼트 반팔 티셔츠 (3color),36000,9900,10,86
무신사 스탠다드 우먼,우먼즈 리브드 멀티 스트라이프 슬림 티셔츠 [옐로우],19900,16910,105,96
피스메이커,포니 레터링 슬림 세미 크롭티 (레몬),39000,27300,0,0
무신사 스탠다드 우먼,[NEW 컬러 출시] 우먼즈 에센셜 브이 넥 니트 [틸 블루],39900,31920,0,0
마인드브릿지,[스토커즈 콜라보] [ON]조직 변형 헨리 넥 반팔 니트 - 3color,79900,31900,161,96
디미트리블랙,[10주년기획] ⓒ 모두의 수소봉제 긴팔 티셔츠_스트라이프 2 COLOR,46000,29900,9,96
다이아몬드 레이라,Crepe Beach Cover-Up S178 Shadow Black,77000,69300,16,96
언타이틀 서울,싱글 유니콘 헨리넥 롱슬리브 그레이,59000,39800,2,90
미쏘,나그랑 그래픽 티셔츠_MIWLWG944A,29900,23920,9,100
무신사 스탠다드 우먼,우먼즈 CR 스트라이프 릴렉스드 긴소매 티셔츠 [라이트 그레이],25900,20720,12,100
쿠톤,[2PACK] 폴라리스 롤업 세미크롭 반팔 티셔츠 3COLOR,88000,61600,0,0
무드인사이드 우먼,(woman) 인시전 헨리넥 포켓 롱슬리브_8Color,79900,39900,0,0
무신사 스탠다드,[SSG랜더스 컬래버] 무한인천 피그먼트 다이드 티셔츠 [차콜 그레이],39900,39900,0,0
베르만 어패럴,골지 헨리넥 머슬핏 반팔티셔츠 3color(와이드숄더),71000,42600,18,100
하이스쿨디스코,더블버튼 퍼프소매 블라우스_화이트,74000,47360,2,100
미쏘,언발란스 스트라이프 셔츠_MIWYAG727G,49900,35930,8,96
나이키,스포츠웨어 티셔츠 M - 블랙:아이스 실버:다크 스모크 그레이 / IQ5918-010,79000,71100,2,100
디스커스 애슬레틱,2026 PENTAPORT 라인업 티셔츠 화이트,42000,29400,1,100
바니쉬먼트,Summer vacation long sleeve tee_melange gray,59000,40120,25,92
613서울,크랙 식스 포인트 로고 반팔 티셔츠 (와인),28000,18900,19,98
빅뱅,[COSMOS] BIGBANG HOODIE,159000,159000,1,100
아메스 월드와이드,CLASSIC GRACE TYPO TEE WHITE,34000,23800,11,90
튜드먼트,POLKA DOT PUFF SLEEVE BLOUSE WHITE,99000,49900,126,98
유라고,Lace line cap sleeve t-shirt,42000,31920,22,90
미쏘,홀터 레이어드 긴팔 티셔츠_MIWLWG911A,29900,23410,8,92
미쏘,레이스 새틴 뷔스티에_MIWBNG717G,49900,39920,1,100
무신사 스탠다드 우먼,우먼즈 더블 니트 칼라드 스웨트셔츠 [미디엄 그레이],45900,41310,0,0
비비안 웨스트우드,베아 브라 - 블랙 / 1803003ZY003FN401,408000,71990,4,70
필루미네이트,[NUNUSSI] 언럭키 폴리스 하프 티셔츠-화이트,35000,29900,0,0
언타이틀 서울,싱글 유니콘 헨리넥 롱슬리브 라이트 민트,59000,39800,1,100
쿠어,윈도우페인 체크 셔츠 (블랙),180000,162000,0,0
아페쎄,쁘띠 VPC 박시핏 후드티셔츠 - 브릭 / COHBRH27917TCK,655000,108990,4,100
알리스,웨스턴 리니어 솔리드 크롭 하프 셔츠 [화이트],65000,52070,23,96
인템포무드,소셜 휴먼 티셔츠 : 2컬러,56000,33600,19,98
마뗑킴,MATIN PACE GRAFFITI COVERED TOP IN GREY,108000,97200,0,0
언타이틀 서울,언타이틀 레이스 레이어드 폴로 롱슬리브 블랙,72000,48800,2,90
마인드브릿지 우먼,[W]핀턱 타이 화이트 반팔 블라우스,69900,55900,2,80
살로몬,펄스웨이브 숏 슬리브_LD0415400,100000,100000,4,90
어반스터프,밀키 웨이 엠브로이더리 티 (챠콜),45000,38250,5,100
아웃스탠딩,MULTI STRIPE POCKET LONG SLEEVE_GREEN/1%OATMEAL,58000,52200,0,0
에잇세컨즈,레이어드 헨리넥 저지탑 (솔리드)  브라운,39900,33910,1,100
쿠톤,폴라리스 롤업 세미크롭 반팔 티셔츠 [딥네이비],44000,33000,7,100
언리미트,RUNNING TEE (U26BTTS604),42000,9990,24,90
디써티원,(WOMAN) Alphabet Chart T-Shirt (Black),59000,19000,4,96
마인드브릿지,[COUTURE]나일론 오버핏 포켓 반팔 셔츠 - 2color,89900,71900,6,100
카이야,shirring halter neck  mint dot,54000,54000,0,0
제너럴아이디어,에어리 에센셜 카라 하프 니트 [IVORY] / WBE2L05513,63000,33600,17,98
마인드브릿지,[ON]린넨 라이크 헨리넥 오버핏 반팔 니트 - 5color,79900,31900,427,94
미쏘,레이어드 셔링 슬리브리스_MIWHNG802A,29900,14950,11,94
다이닛,PLEATED GRAPHIC T-SHIRT IN WHITE,78000,78000,0,0
108파운드,Contour Rib Halter Top_Grape,53000,33920,19,100
나이키,스트라이드 에어로 핏 반소매 러닝 탑 M - 볼트:라이트 실버 / IH0746-702,95000,95000,4,100
무신사 스탠다드 우먼,우먼즈 울 텐셀 오프숄더 긴소매 티셔츠 [블랙],25900,23310,20,100
무신사 스탠다드 우먼,우먼즈 체크 텍스처드 베이비 돌 블라우스 [화이트],45900,32130,143,96
무신사 스탠다드,[아트앤티] 나잠수_백 투 더 좀비스 티셔츠 [블랙],29900,21990,5,100
비비안 웨스트우드,베아 니트 - 블랙 / 1803002SY003FN401,744000,231990,6,94
페이지플린,카라버튼랩블라우스_P6BBL003C,49000,24500,8,86
지오다노,[변우석착용] 시어서커 체크 셔츠 045514 [8color],49800,29000,230,98
르아르,시어서커 썸머 체크 셔츠 [LE05 그레이],62000,39900,737,98
다이아몬드 레이라,Stitch Stripe Shirt S114  Elephant Ivory,85000,76500,15,100
스파오,스타도트 홀터넥 레이어드 나시_SPRNG26G99,29900,29900,0,0
나이키,프로 민소매 트레이닝 탑 M - 화이트:블랙 / IM4900-100,45000,40500,13,100
드로우핏 우먼,에델 퍼프 슬리브 반팔 블라우스 [BLACK],64000,57600,111,96
스탠다드에러,87-STAN326 빈티지 네온 라이트닝 크랙 피그먼트 반팔 티셔츠 (3color),36000,14900,8,90
미학,헤리티지 로드 링거 머슬핏 티셔츠 (BLACK),52000,39000,3,100
버던트,블루 체리 반소매 티셔츠 [블랙],39000,9900,37,96
트위,로에브 린넨라이크 반팔 셔츠,59900,15920,0,0
노티카,오션 토템 티셔츠(4colors) NTS5546,39000,31200,332,96
비바라비다,Equus 슬림 반팔 티셔츠,48900,27900,1,100
할리데이비슨 컬렉션스®,RIDE FREE 빈티지 티셔츠_다크 그레이 HH16111083,79900,54570,2,100
디스커스 애슬레틱,2026 PENTAPORT 라인업 티셔츠 블랙,42000,29400,7,100
쿠어,플래드 시어서커 체크 셔츠 (그린),180000,162000,0,0
더그린랩,도트 프릴 파우치 레이어드탑 [네이비],57000,38480,17,96
르아르,컬러 레이어드 롤업 티셔츠 [차콜],45000,29900,29,96
레더리,리브드 헨리넥 반팔 티셔츠 [3COLOR],41000,26240,67,96
인더스트,[인더스트 X 요비] 피그먼트  워시드 피케 반팔 셔츠_3COLOR,60000,38900,63,98
브론슨,Knight Motorcycle Short Sleeve Tee White,42000,35700,128,98
탑텐,공용) 콜라보 레이어드 긴팔티 (블랙 크로우스)_MSF2TS3021,39900,7510,101,98
스파오,헨리넥 레이어드 긴팔티_SPLWG49G03,35900,35900,0,0
미쏘,스쿱넥 슬리브리스_MIWHNG711A,15900,7950,7,100
브라운브레스,BB 20TH MESSAGE TAG LONGSLEEVE - CREAM,69000,69000,0,0
커버낫,[2PACK] 스몰 아치 로고 티셔츠 White,49000,34300,189,98
무신사 스탠다드,헨리 넥 스웨트셔츠 [미디엄 그레이],49900,47390,11,94
노디,코튼 30수 레이어드 헨리넥 반팔 크롭 티셔츠 버건디,56000,39200,5,100
나이키,스포츠웨어 탱크 탑 M - 오프 화이트 / IM3820-101,55000,46750,1,100
브렌슨,린넨 라이크 체크 반팔 셔츠 ( 네이비 ),41100,32900,74,96
링서울,[알로하 PICK] pintuck frill blouse-black,85500,61560,342,96
디미트리블랙,[10주년기획] © 모두의 소프트 터치 맨투맨 (VTG FADE)_5 COLOR,58200,34900,2,100
길라아카이브,SLOGAN BOAT NECK T-SHIRTS_NAVY,49000,30870,31,98
해비즘,W NAME CARD L/S TEE(PLUM),49000,33320,2,100
일리고,도트 핀턱 카라 티 핑크,82000,49600,15,96
르아르,소프트 헨리넥 반팔 티셔츠 [브라운],45000,24900,8,100
로템버,린넨 오픈카라 펜슬 스트라이프 하프 셔츠 [OATMEAL],64000,40320,114,96
노티카,스트라이프 반팔 폴로 티셔츠(4colors) NPO4105,69000,58650,317,96
쓰리바이쓰리,본 스타 프레임 반팔 버건디,43000,36550,2,90
나이스고스트클럽,JS TOMIE HELLO KITTY MINI TEE_WHITE(NG2GMFT543G),59000,53100,0,0
무드인사이드,스웻 크롭 반집업_5Color,119900,59900,0,0
무드인사이드,써머 링클 오션 체크남방 _5Color,69900,27900,4013,96
구보,Low tide surf club S/S Tee,59000,53100,5,100
이네기,Veiled Collar Short Sleeve (black),52000,49400,7,100
무신사 스탠다드 우먼,우먼즈 버티컬 텍스처드 버튼 슬리브리스 탑 [페일 민트],45900,41310,111,96
론론,MINI LABEL CROP SHORT SLEEVE DEEP BLUE,44000,28160,6,96
브렌슨,[쿨링] 프레이 라운드넥 반팔티 옐로우,29900,23900,25,96
지프,[190g] M-Logo 그래픽 반팔 티 (JR5TSU173WH),39000,25900,7522,94
더니트컴퍼니,멀티 스트라이프 셔츠 2color,78000,69800,5,100
1989스탠다드,SMALL CENTER 쿨 코튼 오버핏 반팔(SISSTD-0015),42900,23170,690,96
마인드브릿지,[에어쿨]린넨 라이크 세미 오버핏 셔츠 -5color,79900,39900,227,98
마뗑킴,MATIN PACE GRAFFITI COVERED TOP IN IVORY,108000,97200,0,0
지오다노,클래식 폴로 반팔 카라티 315504 [7color],29800,18000,127,98
어반디타입,리버사이드 시티 티셔츠_라이트 그레이,49000,21900,50,94
요세미티,OG 트랙 래글런 반팔티 크림 YT-302,33300,19900,100,94
마인드브릿지 우먼,[W]U넥 스트라이프 링거 반팔 티셔츠,49900,24900,37,96
페이지플린,핀턱러플블라우스_P6BBL025C,76000,29900,1,80
루프,헨리넥 크로스 버튼 긴팔티 아이보리(연그레이),61000,49410,0,0
조질롱,JN165 Soft Seersucker Open Collar Shirt - IVORY,73800,36210,11,84
디스이즈네버댓,THAT Player Tee White,55000,22000,13,96
에잇세컨즈,빅레터링 래글런 저지탑  그레이,39900,33910,0,0
비터셀즈,[2 PACK-컬러추가]에센셜 골지 티-11 colors,78000,54600,522,96
효지,26 SS 워셔블 린넨 헨리넥 크롭 니트 (6컬러),65000,29900,149,94
비터셀즈,픽션 라인 블라우스-아이보리,79000,60040,89,96
엑스오엑스,베이직 쿨 헨리넥 크롭 반팔 니트 [NAVY],63000,29700,48,96
제너럴아이디어,데일리 숏슬리브 브이넥 티셔츠 [BLACK] / GF1LTS513,37000,22400,13,92
토런스,액티브 에어프레임 숏 슬리브 - Black,92000,48000,5,100
에잇세컨즈,[Disney] 슬림핏 그래픽 링거 티셔츠  라이트 그린,29900,25420,3,94
루에브르,Drop-Tie Cowl-Neck Sleeveless Blouse SW6MB731_2color,109000,109000,1,100
미쏘,[에센셜] 라운드넥 텍스처 블라우스 RE BWG720A_MIWBWG90QA,39900,39900,0,0
언더오프,롤업 슬리브 크롭 반팔 티셔츠 블랙,37900,27900,900,94
미쏘,라운드카라 스트라이프 셔츠_MIWYAG608G MIWYAG90QG,49900,34930,125,94
탄산마그네슘,포니 자수 티셔츠 (민트),69000,52440,8,96
스테이지알,SR 빈티지 나염 반팔 티셔츠 [블랙],49000,31850,2,100
로긴 앤 로지,Heart Patch Cotton T-shirt White (New),57000,21600,192,98
비바셔스,수아 시스루 플레어 블라우스_3Colors,72000,46800,22,88
다이아몬드 레이라,Poly Overfit Shirt S37-2 Sky Blue,65000,58500,847,96
마인드브릿지,[ON]스트라이프 오버핏 셔츠 - 3color,79900,47410,253,98
드로우시,DW 썬하트 피그먼트 반팔티셔츠 4Color,52000,36900,31,92
후아유,Lace Henryneck Sleeveless(F) / WHRNG3723F,29900,26910,58,94
르아르,90s 빈티지핏 워시드 티셔츠 [코발트],44000,25900,9,88
나이키,ACG 와일드씨 드라이 핏 쿼터집 긴소매 하이킹 탑 M - 블랙:서밋 화이트 / IM4224-010,95000,95000,1,100
스파오,[COMFORT] 코튼 포인텔 셔링 민소매 티_SPLOG37A20,29900,29900,2,90
슬로우 레코드 하우스,헨리넥 아일렛 티셔츠_버건디,55000,42080,14,98
엘엑스티,시어서커 스트라이프 오버 셔츠 [화이트],45000,28800,207,98
슈퍼서브,하프 집업 스웻셔츠-네이비,69000,17910,188,96
비바라비다,Stampede 배색 롤업 반팔 티셔츠,69900,42900,3,100
999휴머니티,컬러드 스티치 라인 롱 슬리브 티 (멜란지 그레이),68000,68000,0,0
르아르,[2PACK]  에센셜 리브드 슬리브리스,60000,39900,5,100
유니온블루,LAUNDRY SMALL CHECK SHIRT [CHARCOAL BLACK],87000,82650,679,100
유라고,Cap sleeve V-neck knit,83000,63080,68,92
르아르,울 모헤어 라운드 니트 [차콜],80000,35900,89,96
고스트리퍼블릭,NEVER 나그랑 오버핏 반팔 티셔츠 4Color GT-364,36200,17900,174,96
할리데이비슨 컬렉션스®,[본 라이더] 스컬윙 티셔츠 블랙_HH16111077,69900,47740,24,98
비비안 웨스트우드,ORB 페루 반소매 티셔츠 - 블랙 / 3G010017J001MN401,380000,79990,35,94
소버먼트,460G 피그먼트 링거 티셔츠-차콜-,50000,35000,433,98
노티아,DRAPE DOLMAN BLOUSE - BLACK,89000,56960,0,0
르아르,와플 헨리넥 세미 크롭 티셔츠 [그레이],45000,32900,82,96
렌세,Stripe Button Long Sleeve Blue,48000,38400,212,94
브론슨,Ribbed Long Sleeve Henley Shirt Black,79000,71100,0,0
코이리스,서울 시티 아카이브 롱 슬리브 티 (2컬러),51600,25420,3,100
디미트리블랙,미니멀 프렌치 테리 브이넥 티셔츠_5 COLOR,44900,26900,9,94
메종미네드,DOODLE HEART HALF T WHITE GREYISH BLUE,59000,32590,7231,98
에트오소메,Lace One-Shoulder Shirring Top (White),62000,52700,5,88
아메스 월드와이드,PPG SHOOTING STAR TEE WHITE,45000,36000,4,86
튜드먼트,EYELET LACE PUFF BLOUSE_WHITE,119900,86330,23,98
108파운드,Nia Drape Neck Tee_Black,52000,37440,2,100
토피,[S-XXL] 슬림 크롭 헨리넥 하프 티셔츠 (WHITE),31000,19500,13,96
트위,포에지 빅 레터링 자수 티셔츠,39900,23920,198,94
스파오,[BRA-IN] 캡내장 백리스 크롭 나시_SPRNG37G16,19900,15890,2,60
락케이크,Pinched Top - Black,56000,40320,4,86
리메인세컨드,프리미엄 오버핏 플란넬 포켓 체크 셔츠 [오렌지],66500,39800,171,96
빅뱅,[COSMOS] BIGBANG SLEEVELESS TOP,49000,49000,3,100
몽돌,스트라이프 시스루 오버핏 셔츠 그레이 MDSH019STGRAY,72000,52020,49,98
팬시클럽,플라스틱 키스 원숄더 탑 (MINT) F26QB051,43000,32340,51,96
엘리메노,EL 크레스트 롤업 크롭 반팔티셔츠 3Color,52000,36900,3,100
아웃스탠딩,[LOONEY TUNES] HALF SLEEVE TEE(RUNNING)_NAVY,43000,34400,40,98
무신사 스탠다드,[이도현 PICK] 워셔블 수피마 코튼 니티드 폴로 셔츠 [블랙],49900,39890,1214,98
후브스,롤업 슬리브 크롭 반팔티 [퍼플차콜],46000,36800,101,96
허그유어스킨,레이어드 헨리넥 탑 (네이비),65000,44200,21,96
세터,플라워 포켓 반팔 티셔츠 네이비,69000,69000,1,100
에잇세컨즈,헨리넥 긴팔 저지탑 (솔리드)  올리브,39900,23750,2,100
커스텀어클락,린넨 오버핏 롱 슬리브 셔츠 5 COLOR COOSSH192,62000,19900,142,94
노매뉴얼,N.I T-SHIRT - WHITE,45000,36000,123,96
멜로토리,시스루 립 티셔츠 (3color),44000,40920,16,96
디젤,T-앤지-OD 반소매 티셔츠 - 퓌스 브라운 / A199120AFAA61J,180990,108000,3,100
드로우핏,[서강준 PICK] 시어 텍스쳐 오픈카라 하프 셔츠 [BLACK],50000,45000,33,96
르아르,소프트 헨리넥 롱슬리브 티셔츠 [브라운],40000,29900,40,96
노티카,세일링 블록 슬리브리스(3colors) NTS5816,39000,27300,19,96
플랙 우먼,레이스 포인트 롱 블라우스 2colors,119000,49980,1,100
비터셀즈,홀 오프 숄더 슬리브리스-퍼플,35000,26600,7,98
아메스 월드와이드,BASIC LOGO KNIT BLUE,49000,34300,78,98
드로우핏 우먼,[드로우핏우먼 X 꾸니] 시어 레이어 뷔스티에 블라우스 [BLACK],77000,69300,11,98
로엠,린넨 반팔 블라우스 RMBLG37R11,59900,31670,1,100
튜드먼트,[7COLORS] 50s EMBROIDERED T-SHIRT,42000,23520,256,96
이코르,[이코르 X 홍또기] 데일리 크롭 반팔 체크 셔츠 : 2COLOR,60000,39800,38,94
로템버,린넨 오픈카라 펜슬 스트라이프 셔츠 [OATMEAL],76000,64980,30,98
하이스쿨디스코,솔리드 더블 버튼 퍼프 셔츠,86000,55040,1,100
언탭트 스튜디오,[2PACK]230G 피그먼트 오버핏 반팔 티셔츠 5COLOR,57000,39900,178,92
에트오소메,Layered Buckle Line Top (White),53000,45050,2,100
라 메종 스튜디오,UNISEX 오버핏 퍼피서핑 링거 반소매 티셔츠 블랙(FCE2TS401M),49000,18000,651,94
페이드,PD ase 슬림핏 반팔티 블랙,38000,18500,35,98
필루미네이트,올 데이 린넨 라이크 하프 셔츠-5Color,49000,36000,750,94
아웃스탠딩,MOT SERIES TEE(RIDE THE COAST)_KHAKI GRAY,49000,44100,69,96
음,선셋 썸머 린넨라이크 긴팔니트 보카크림,44800,32500,20,98
엑스오엑스,버튼 카라 썸머 쿨 크롭 반팔 니트 [NAVY ST],63000,29700,12,98
1989스탠다드,ARCH CHARMING CAT 쿨 코튼 오버핏 반팔(SISSTD-0040),42900,23170,6820,98
무드인사이드 우먼,(woman) 시어서커 링클 체크 셔츠_2Color,69900,29900,176,94
레터프롬문,벨르 레이스 러플 블라우스 ( 크림 ),96000,91200,0,0
위캔더스,THIEVES T-SHIRT (BROWN),42000,33600,187,98
길단,프리미엄코튼 ASIAN FIT ADULT 링거 티셔츠,29000,9900,116,94
플레이스 스튜디오,자수 골지 세미크롭 사이드 버튼 후드 롱 슬림 긴팔 티셔츠 _ 3COLOR,46000,24800,478,94
마인드브릿지 우먼,[W]시어 세미 오버핏 투웨이 셔츠 - 2color,79900,34380,85,96
스파오,[가나디] 별자리 반팔 티셔츠(Silver)_SPRLG49U01,25900,25900,0,0
디미트리블랙,VLAD 빈티지 PEACEMAKER 링거 맨투맨 티셔츠_4 COLOR,58400,34900,0,0
노 엑스트라 터치,Velvet Halter Easy Sleeveless (Grey) / 26SMSL003GR,33000,27060,1,100
마인드브릿지,[ON]체크 오버핏 긴팔 셔츠 - 3color,79900,31900,908,96
쿠어,윈도우페인 체크 셔츠 (블루),180000,162000,0,0
토아베,Villa Jacquard Sleeveless Blouse (Navy),132000,106920,3,100
숲,페플럼 퍼프 슬리브 블라우스(SC4SSF2),79000,47900,7,88
마이딥블루메모리즈,Mm Symbol Logo T-Shirts (BLUE),49000,39200,13,98
헬로 선라이즈,HS OG Logo Tee_Olive,55000,39000,8,92
제멋,[2PACK] 레이어드 롱나시 2PACK (HJST2072),47900,28800,9390,92
비터셀즈,체리 베리 티-라이트 그레이,39000,29640,69,96
데꼬로소,디마 코튼 헨리넥 반팔 티셔츠 [블랙],75000,45600,68,96
케이케이이이이,시그니처 도트 슬림 반팔티(2color),49900,21900,63,92
무드인사이드,(summer)스톤 아이스 세미오버 RN셔츠  _White,79900,35900,71,98
이자벨마랑,밀라 맨투맨 - 다크그레이 / SW0004FAC1M04E02DG,399000,148990,2,100
라우디,에어리 시어 스트라이프 오픈카라 셔츠_잉크블랙,72000,61200,45,98
데꼬로소,썸머 쿨 터치 카라 반팔 니트 [그레이],75000,48500,17,96
비바셔스,Melissa Punching Ribbon Blouse - 2COL,49500,29700,153,94
애즈유아,소잉 보트넥 슬리브 화이트,50000,33600,38,92
더니트컴퍼니,실크 라이크 헨리넥 니트 5color,89000,53400,99,96
유라고,Shimmer layered blouse set,109000,82840,151,98
데꼬로소,패널 립 반팔 썸머 라운드 가디건 [그레이],89000,29600,25,92
행텐,여성 스몰 베니 와펜 반팔 티셔츠_003(10570-131-413-31),39800,13520,2,100
애즈유아,드로잉 홀터 슬리브리스 블랙,64000,43200,16,94
나이키,스위프트 에어로 핏 러닝 탱크 탑 W - 블랙:라이트 그린 스파크 / IH8112-014,89000,80100,2,90
51퍼센트,Mesh henly neck longsleeve - Black,142000,127800,0,0
스파오,[가나디] 별자리 반팔 티셔츠(Light Brown)_SPRLG49U01,25900,25900,0,0
버던트,멀티 스트라이프 백 로고 셔츠 [블루],58000,29000,56,98
제너럴아이디어,시어서커  라운드 카라 블라우스 [BLACK] / GF2LBL528,52000,36800,49,94
퍼스텝,[2PACK] 트레이스 링거 반팔티셔츠 4종 JUST4766,62000,34900,33,92
무드인사이드,에센셜 무드 하프 브이넥 니트_8color,59900,29900,82,96
데꼬로소,브리즈 시어서커 반팔 셔츠 [블랙],108000,38900,203,98
이스케이프프롬,레이스 롤업 스탠다드핏 반팔티 민트,57000,35920,6,86
아워데이즈,카디프 투포켓 워싱 데님 반팔 셔츠 [BLACK],62000,49600,107,96
세터,로렌 클래식 로고 반팔 티셔츠 화이트,49000,49000,40,94
챔피온,트랙 로고 가먼트다잉 티셔츠 3color,59000,29500,62,96
알리스,[오정규 x 알리스] 쿨 코튼 레이어드 헨리넥 크롭 하프 니트_2COLOR,79000,55310,373,96
키뮤어,코튼 오픈카라 케이블 하프 니트_5 COLOR,49000,14700,337,98
르아르,90s 빈티지핏 워시드 티셔츠 [레드],44000,25900,27,92
에스이에스티,Side Slit Slim Fit T-shirts Black,46000,15900,0,0
포에버21,셔링 라운드 반팔 블라우스 (FTDBBL019),22900,21120,7,86
마인드브릿지,[ON][데님or체크 선택]오버핏 반팔 셔츠 시리즈 - 5color,79900,29900,445,94
탑텐,여성) 오가닉 코튼 그래픽 반팔티 (NEWYORK)_MSF2TS2101,25900,5610,44,98
라티젠,L24 KNIT HALTER TOP(MINT),62000,29300,4,90
르아르,머슬핏 헨리넥 반팔 니트 [스모크차콜],48000,32500,53,94
애즈유아,키치 돌먼 오프숄더 티 화이트,70000,48000,11,94
스파오,[COOL] 보트넥 루즈핏 니트_SPKWG24G02,35900,31790,27,94
언더아머,쿨 스위치 런 싱글렛 1376994-001,55000,49500,1,100
무센트,에센셜 레터링 롱 슬리브 티 (2컬러),51600,29900,0,0
챔피온,여성 컷아웃 디테일 반팔 티셔츠 White,59000,41300,1,100
마인드브릿지,[오정규 PICK] [ON]멀티 스트라이프 크롭 반팔 티셔츠 - 2color,49900,23900,178,96
페이크캠퍼,[2PACK] 450g 헤비 피그먼트 가이루빠 디테일 맨투맨 [8COLOR],119800,71880,167,92
아방,Knit Sleeveless Top - OATMEAL,35000,25200,7,100
노티카,스프린트 레이싱 티셔츠(4colors) NTS4866,45000,27000,146,98
엘엠알,[2PACK] 모티프 자수 스트라이프 레이어드 반팔 티셔츠 (5Colors),55000,24320,0,0
어반디타입,리버사이드 시티 티셔츠_차콜,49000,21900,139,96
미쏘,보트넥 벨티드 블라우스_MIWBWG511B,49900,40410,20,96
에잇세컨즈,[Disney] 밤비 그래픽 V넥 풀오버  네이비,44900,38170,2,100
제너럴아이디어,캡 슬리브 셔링 티셔츠 [IVORY] / GF2LTS512,39000,26400,31,98
비터셀즈,엘로디 하프 체크 셔츠-블루,49000,37240,41,98
무신사 스탠다드,[동궁 컬래버] 꺼먹살이 티셔츠 1 [블랙],35900,35900,0,0
나이키,스포츠웨어 오버사이즈 반소매 그래픽 저지 W - 블랙 / IV5751-010,69000,62100,4,96
해브해드,에브리데이 컴포트 셔츠 (7 Color),69000,58650,69,96
마인드브릿지,[스토커즈 콜라보] [ON]워셔블 멀티 스트라이프 카라 반팔 니트 - 4color,79900,31900,1493,98
필루미네이트,데일리 롤업 레이어드 ST 크롭 티셔츠-3Color,44000,34000,118,96
디오스피스,(DUC) Dancer Baby Tee Mint,48000,26880,6,84
비바라비다,Quad 배색 롤업 반팔 티셔츠,69900,42900,2,100
길라아카이브,VATICAL LOGO BODY SUIT_CHARCOAL,52000,42120,18,90
엑스오엑스,베이직 쿨 헨리넥 크롭 반팔 니트 (5color),63000,29700,79,98
드로우핏,[서강준 PICK] 세이건 스트라이프 하프 웨스턴 셔츠 [WHITE],50000,45000,153,96
마하그리드,CORP TEE_4colors,39000,17500,7628,98
나이스고스트클럽,JUNJI ITO SANRIO CHARACTERS BIG BIG TEE_GREY(NG2GMUT544G),69000,62100,4,96
아메스 월드와이드,ROUND HEM CROP TEE (7 color),39000,27300,2399,98
미쏘,매쉬 레이어드 반팔 티셔츠,39900,39900,25,92
아워호프,시어 하프넥 플리츠 블라우스 - Light Grey,45000,36000,23,96
블레이어,베로나 웨스턴 스트라이프 하프 셔츠 [NAVY],77000,65450,148,98
에스피오나지,Vintage Washed Border L/S Tee Black,78000,70200,0,0
지오다노,피케 폴로 반팔 카라티 014502 [26color],19800,11000,5659,96
지플리시,롤업 체크 셔츠 블랙,78000,62400,65,96
로액슈얼,피콧 셔링 슬리브리스_그레이,39000,37050,4,100
유니폼브릿지,boy scout s/s tee off white,39000,27300,730,98
탑텐,"공용) 쿨에어 코튼 어바웃 모먼트 콜라보 티셔츠 (빛을 되찾다,광복 80th)_MSF2TS3802",29900,5900,55,98
썸플레이스,리본 스트랩 스트링 스냅 포인트 라운드 카라 반팔 블라우스 셔츠 [블랙],43000,26400,37,92
베르만 어패럴,와플 헨리넥 머슬핏 반팔 티셔츠 2color(와이드숄더),73000,42600,4,100
108파운드,Light Cotton Half Shirt_Pink,78000,49920,12,96
스파오,플라워 헨리넥 반팔티_SPRPG24GY0,29900,29900,36,94
웬즈데이오아시스,올웨이즈 워셔블 헨리넥 니트_8COLOR,69000,48300,2500,98
나이키,플렉스 드라이 핏 긴소매 트레이닝 탑 M - 블랙:매트 실버 / IO1428-010,39000,39000,4,90
익스프레스홀리데이,어센틱 나일론 하프 티셔츠_블루,68000,39000,410,96
쉬스,돈까스사랑해 티셔츠 I LOVE KATSU PRINTING T-SHIRTS_25SS,30850,29800,4,96
무신사 스탠다드,[SSG랜더스 컬래버] 랜더스 피그먼트 다이드 티셔츠 [차콜 그레이],39900,39900,6,100
스컬프터,Boho Washed Off-Shoulder Tee Khaki,82000,73800,10,92
젝시믹스,RX 에어 메쉬 우먼즈 슬리브리스 XWFSL11J2,29000,26100,81,98
커스텀어클락,[2PACK] [리뉴얼ver.] 쿨 데일리 숏 슬리브 셔츠 8 COLOR COOSSH189SH191,108000,37800,468,96
브룩스 브라더스,로고 코튼 피케 폴로셔츠 (네이비) (BBNTMO201AQFM),119000,66640,28,98
로엠,밑단 프릴 블라우스 RMBLG37R13,59900,44590,1,100
튜드먼트,TTUDDI FRIENDS T-SHIRT_BEIGE,55900,35780,9,92
노드유,쿨 썸머 워셔블 카라 크롭 하프 가디건 [아이보리],71000,49700,7,94
제너럴아이디어,에어리 에센셜 카라 하프 니트 [NAVY] / WBE2L05513,63000,33600,69,94
플레이스 스튜디오,레이어드 스트랩 도트 프릴 반팔 블라우스 셔츠  _ 2COLOR,49500,28480,160,94
브론슨,Ribbed Long Sleeve Henley Shirt Olive Brown,79000,71100,3,100
미쏘,도트 홀터 절개 슬리브리스_MIWHNG909A,29900,23910,0,0
무신사 스탠다드 우먼,우먼즈 셔링 뷔스티에 탱크 탑 [다크 그레이],23900,10760,30,86
에스이에스티,Starlight T-shirts Brown,57000,18900,253,96
파타고니아,멘즈 롱슬리브 캐스팅 로고 리스판서빌리-티 / 37819R5,95000,76000,6,100
디스이즈네버댓,Snowplow Tee White,55000,22000,8,90
무신사 스탠다드 우먼,[NEW 컬러 출시] 우먼즈 에센셜 라운드 넥 니트 [다크 브라운],39900,35910,0,0
르아르,에센셜 스트라이프 반팔 셔츠 [베이지],49000,32900,2,80
더바이닐하우스,COWBOY PICTOGRAM RINGER TEE RED,58000,40600,343,98
엑스오엑스,베이직 쿨 헨리넥 크롭 반팔 니트 [NAVY ST],63000,29700,62,98
일리고,새소 플로럴 원숄더 셔링 탑 핑크,68000,43200,17,96
디미트리블랙,VLAD 나일론 코어 하프 티셔츠_3 COLOR,52000,33900,87,96
트위,인드 홀터넥 나시 반팔 블라우스 세트,49900,27920,0,0
사유,페이드 스트라이프 슬리브리스 그레이,45000,40500,6,100
지오다노,[변우석착용] 피케 폴로 반팔 카라티 015502 [28color],19800,12000,1625,96
데프가먼츠,AROUND STONE T-SHIRTS,39000,19500,68,96
미치코런던 코시노,소프트 터치 체크 셔츠 네이비 체크,62000,44640,239,96
트릴리온,내츄럴 리조트 롤업 하프 셔츠_3color,48000,34800,364,96
어반스터프,러너스 클럽 로고 티 (네이비),44000,9900,846,96
비터셀즈,에센셜 골지 하프 티-레몬,33000,25080,55,96
마블컬렉션,[스몰플래닛] 베놈 페이스 빅 실루엣 티셔츠,36000,36000,0,0
씨웨어 바이 더 지니어스,시스루 크래프트 니트 풀오버 블랙,59000,53100,84,98
무드인사이드,리브드 머슬 헨리넥 하프티_8Color,59900,29900,52,96
스컬프터,Family Disappointment Tee Black,42000,29400,762,96
스탠즈,[M~4XL] 올데이 린넨 오버핏 반팔 셔츠_블랙,68000,30600,89,96
피지컬 디파트먼트,P-ACTIVE 솔리드 숏슬리브 셔츠 라이트 블루,49000,15900,20,94
유라고,Smocked frill blouse_Black,74500,47680,14,98
유니온블루,SEMI CROP STRIPE SHIRT [ECRU],82000,77900,18,98
폴로 랄프 로렌,[적립금 5%] [W]케이블 니트 코튼 숏 슬리브 스웨터-블루,239000,158940,32,96
이유씨티,나폴레옹 하프넥 반팔 티셔츠 - 블랙,56000,50400,37,92
아디다스,테리 캘리 티 - 크리스탈스카이 / KW7402,65000,44100,8,100
더마일,ML GARMENTS  CREW [PIGMENT D.GREY],39000,24700,617,96
비터셀즈,오버사이즈드 에센셜 ST 티-블루,49000,37240,26,94
어반드레스,로건 쿨 링클 루즈핏 반팔 셔츠 - 5 COL,39000,27300,4216,96
고스트리퍼블릭,라인 나그랑 오버핏 트랙 반팔 티셔츠 4Color GT-366,37400,18600,1274,96
아이돈워너셀,Swift Symbol Dying T-Shirt Black,59000,47200,231,98
탄산마그네슘,링거 티셔츠 (그레이),69000,52440,318,98
락케이크,Drape Essential Top - Charcoal,62000,44640,10,92
르아르,[SET] 소프트 헨리넥 레이어드 티셔츠 세트,62000,39900,295,94
웬즈데이오아시스 포 우먼,W/시어서커 스트라이프 셔츠_4COLOR(WC25-SH04),39000,23400,88,92
스컬프터,Dot Lace Halter Top Brown,72000,57600,6,94
브렌슨,워셔블 헨리넥 크롭 반팔 쿨 니트 ( 5Color ),47400,37900,78,96
퍼스텝,[2PACK] 윕스 반팔티셔츠 5종 JIST4757,80000,39800,88,94
제너럴아이디어,라운드 카라 퍼프 블라우스 [WHITE] / GF2LSH521,54000,36800,29,94
쏘비,post 세미크롭 반팔티 [그레이 멜란지],25800,19740,765,96
스트라이프마가린,썸머 슬리브 오픈버튼 루즈 카라 티셔츠 네이비,75000,67500,7,100
마인드브릿지 우먼,[W]시어 스트라이프 오버핏 셔츠 - 3color,79900,59900,36,96
비바셔스,뮤리엘 플라워 펀칭 레이어드 반팔 티_4Colors,48000,33600,23,94
프로젝트 웨이브,Cilly Satin Top [IVORY],108000,87480,13,92
리트리버클럽,ALIVE HOODIE [PIGMENT BLACK],79000,31600,76,88
마인드브릿지,[ON]스트라이프 오버핏 크림 반팔 셔츠,79900,39860,135,96
로템버,시어 브리즈 스트라이프 셔츠 [화이트],69000,48300,55,96
마인드브릿지,조직 변형 카라 반팔 니트 - 3color,79900,39900,134,98
디미트리블랙,VLAD PUNK 세미 크롭 티셔츠_피그먼트 차콜,45000,29900,68,98
마리끌레르,라벨 펀칭 레이어드 티셔츠(MAGBTS08M),49000,20800,337,96
마이딥블루메모리즈,Mm Symbol Logo T-Shirts (LIGHT GREY / SKY),49000,39200,52,96
마리떼 프랑소와 저버,DOODLE BEAR IMAGE GRAPHIC TEE charcoal,59000,47200,72,96
바이탈싸인,Running Fever T-shirt,47000,39950,108,96
토마스모어,볼다 스트라이프 셔츠 - 옐로우,59700,59700,17,94
애습,웨스턴 셔츠 - 블랙,91000,72800,97,98
일리고,버튼 홀터 슬리브리스 핑크,62000,38400,12,100
마인드브릿지,블랙 데님 오버핏 반팔 셔츠,99000,59900,65,90
매고렌 서울,메탈 트라이클립스 헨리넥 롱슬리브 멜란지 차콜,48000,32640,1,100
아웃스탠딩,HS KNIT COLLAR SHIRT_BLACK,58000,46400,476,98
언탭트 스튜디오,쿨 라이크 린넨 크로쉐 카라 반팔 니트 5COLOR,42700,23480,199,96
후아유,[캘리걸] Check Patterend Blouse / WHBLG2531F,59900,34730,50,96
탑텐,공용 [핫스터프] 탱크탑_MSG3TL3291,29900,18310,21,100
드로우핏,[서강준 PICK] 미니멀 크루넥 하프 티셔츠 [3color],33000,29700,90,98
멜로토리,백리본 나시 블라우스 (화이트),64000,58240,5,100
챔피온,조그택 반팔 티셔츠 Black,45000,38200,18,98
르아르,사선 헨리넥 크롭 니트 [버건디],52000,35900,27,96
지프,[190g] M-Logo 그래픽 반팔 티 (JR5TSU173BR),39000,17990,63,94
그로우하이드,데인 레이스 버튼 반팔 티셔츠_챠콜,39000,28080,9,94
르아르,에센셜 리브드 슬리브리스 [그레이],30000,19900,13,92
세븐셀라,플라워 패치 빈티지 워싱 롱슬리브 빈티지 블랙,79000,19900,2,100
마뗑킴,UNBALANCE LOGO CROP TOP IN BLACK,58000,52200,71,96
세터,(W) 더블린 반팔 티셔츠 블랙,69000,69000,5,100
비터셀즈,엘라 핀턱 블라우스-블랙,79000,60040,9,94
와키윌리,먼작귀 그래픽 반팔티셔츠 블랙,59000,59000,0,0
이퓨원트,Grace One-Shoulder Tee White,49000,29400,24,92
꼼파뇨,Precious 레글런 반팔티 브라운,52000,33800,542,98
페이드,PD 스몰데이지 롤업 크롭 반팔티 차콜,40000,24900,14,98
에잇세컨즈,레이스 배색 슬리브리스탑  네이비,39900,33910,2,80
드로우핏 우먼,[드로우핏우먼 X 꾸니] 캄파눌라 퍼프 슬리브 블라우스 [BLACK],66000,59400,15,94
워크온바디오프,이지온 세미 오버핏 스트라이프 / 솔리드 카라 반팔 니트 (5color),43000,29900,2599,98
칙스,컨피던스 브이넥 롱 슬리브 멜란지,61000,23730,99,94
쿠어,코튼 블루 타탄 체크 셔츠 (라이트블루),200000,180000,1,100
무븐,빈티지 링클 체크 셔츠 블루,56200,39200,22,100
로제프란츠,Round Collar Short Sleeve Blouse [Navy],106000,59360,27,94
무신사 스탠다드,워셔블 수피마 코튼 니티드 폴로 셔츠 [스카이 블루],49900,44890,85,96
메종미네드,[2STYLE] MIXED BOUCLE KNIT HALF SLEEVE BLACK,59000,33040,3700,96
디미트리블랙,ASTRO 아트웍 후드 티셔츠_2 COLOR,66500,38900,4,100
낫포너드,Cathedral Afterimage Pigment Regular Fit T-Shirts - Beige,55000,49100,12,96
일리고,오픈 카라 롱슬리브 버건디,92000,60800,26,94
토마스모어,인디고 씬 스트라이프 티,39700,39700,117,92
엑스오엑스,피그먼트 워싱 뒷절개 반팔 티셔츠 (5color),49000,28000,98,96
나이키,스트라이드 에어로 핏 반소매 러닝 탑 M - 크림 II:세일 / IH0746-236,95000,95000,3,100
무신사 스탠다드 우먼,[쿨탠다드] 우먼즈 베이식 크루 넥 티셔츠 [미디엄 그레이],19900,15920,868,96
르아르,사선 헨리넥 반팔 니트 [네이비],52000,32900,42,98
오오엠엘,soml 로고 슬림 크롭 티셔츠 화이트,29800,15570,599,96
마인드브릿지,[ON][스트라이프or베이직 선택]린넨라이크 카라 반팔 니트 - 8color,79900,31900,2136,98
레터프롬문,레터즈 세미 오프숄더 5부 티셔츠 ( 플라워 아이보리 ),46000,41400,49,94
젝시믹스,[2PACK] 아이스페더 크롭 숏슬리브 XWFST03H2,52000,26820,69,96
와키윌리,먼작귀 컬러 그래픽 긴팔티셔츠 차콜,79000,79000,1,100
잔스포츠,베이직 로고 후디 Navy,99000,94050,0,0
에트오소메,Lace One-Shoulder Shirring Top (Beige),62000,52700,1,100
효지,26 SS 세미 크롭 라이트웨이트 스트라이프 셔츠 (5컬러),74400,29900,246,96
스탠다드에러,87-STAN320 스케이트보드 보이 크랙 피그먼트 반팔 티셔츠 (3color),36000,23900,6,96
나이스고스트클럽,JS TOMIE HELLO KITTY RIBBON TEE_BLACK(NG2GMUT541G),59000,53100,6,100
트위,셀런 배색 카라 반팔 니트,29900,15920,8,92
지오다노,베이직 반팔 티셔츠 325518 [14color],9800,6000,934,96
앨빈클로,[2PACK] 오버핏 반팔티 4종 택2 패키지,65800,45800,132,96
미드나잇 무브,cb horse t (white),44000,34850,62,96
빌리언트,스트라이프 리넨 셔츠_그레이,51900,36330,46,94
빅뱅,[COSMOS] BIGBANG T-SHIRT_BLACK,54000,54000,6,100
레이브,Vintage Rose Graphic T-shirt VW4SE027_3color,73000,51100,466,94
로엠,데님 리본 블라우스 RMBLG37R15,69900,68500,2,100
무아무아,헨리넥 스티치 긴팔티 [7color],47000,25900,98,94
더블유브이프로젝트,[SET] 버니위비+썸띵 레글런 반팔티셔츠 (MJST7718+MJST7708),73900,39800,3440,96
마인드브릿지,[올데이]옥스포드 오버핏 반팔 셔츠 - 5color,69900,39900,1226,96
락케이크,Flow Wrap Sleeveless - Beige,64000,46080,14,92
젠더스트,Isis Tee PIGMENT GREY,68000,31010,82,94
아웃스탠딩,V.S.C TEE(TROPIC)_1%MELANGE GRAY,45000,36000,19,88
하케쉬,Mori Blouse_Vanilla,142000,99400,22,96
108파운드,Reversible 3/4 Sleeve Tee_Ivory,39000,28080,9,88
로라로라,MAISON DE ROLA RINGER T-SHIRT WH+BK,43000,30960,443,98
아웃스탠딩,[LOONEY TUNES] HALF SLEEVE TEE(DYNAMITE PRICES)_NAVY,49000,39200,68,98
지오다노,베이직 립 탱크탑 (SLD) 326530 [6color],11800,8000,71,94
리복,[리복x발란사] 레터링 로고 반팔티 - 멜란지 그레이,59000,59000,27,96
가까이 유니언즈,바니 드로잉 반팔 티셔츠 화이트,45000,31500,8,92
드렁크텍스트,Reglan Henly Neck Long Sleeve Sky Blue,82000,53300,11,96
르아르,빈티지 링클 체크 반팔 셔츠 [차콜],49000,34500,34,98
애즈유아,란제리 레이스 슬리브리스 베이지,68000,46400,31,96
플랙 우먼,그래픽 레터링 티셔츠 2colors,54000,30240,13,98
프렌다,SIDE CROSS POLO TOP NAVY,49000,39200,8,98
룰루레몬,멘즈 패스트 앤 프리 싱글릿 *레이스 렝스  LAYR,109000,109000,5,92
디스이즈네버댓,T-Logo W Tee Royal Blue,55000,55000,2,100
앤드어게인,썸머 빈티지 카이 셔츠,69900,24900,105,94
잔스포츠,베이직 로고 롱슬리브 Melange,59000,56050,4,100
도톤,KEEP THE SPARK T-SHIRTS (Black),38000,17100,1,100
페플,[2PACK] 뉴웨이브 볼륨 카라 반팔티셔츠 6종 SJST1457,85600,49800,183,96
빈웨드,Fighter Jet Academy 파이터 제트 아카데미 아이보리/카키 세미오버핏 링거 티셔츠,72800,41800,9,100
디미트리블랙,에센셜 RIBBED 롱슬리브 티셔츠_헨리넥 3 COLOR,49900,33900,7,92
테네르,매쉬 썸머 니트 카키,110000,66000,169,98
디미트리블랙,레귤러 와플 헨리넥 티셔츠_4 COLOR,55000,36900,3,94
제너럴아이디어,데일리 숏슬리브 브이넥 티셔츠 [PURPLE] / GF1LTS513,37000,22400,15,98
애즈유아,카울넥 하프 슬리브 카라티 블랙,88000,60800,12,98
데이,피그먼트 세미 크롭 헨리넥 반팔 티셔츠_CHARCOAL,46000,23200,49,98
무신사 스탠다드 우먼,우먼즈 린넨 라이크 긴소매 니트 티셔츠 [토프],25900,23310,55,96
아워호프,올리브 아뜰리에 플라워 셔츠 - 화이트,98000,83300,11,100
슬로우애시드,PHOTODUMP 반팔 티셔츠 [스카이 블루],52000,31200,49,96
무신사 스탠다드 우먼,[NEW 컬러 출시] 우먼즈 리브드 슬림 헨리 넥 니트 [토프],35900,34100,6,90
언리미트,RUBBER TEE (U26BTTS624),42000,9990,121,96
해비즘,CHECK 2-WAY COLLAR S/S SHIRTS(BLACK),59000,41300,4,100
르아르,빈티지 링클 체크 반팔 셔츠 [브라운],49000,34500,52,96
워크온바디오프,누벨 세미 오버핏 코튼 피케 반팔 티셔츠 [네이비],36000,24900,16,96
무드인사이드 우먼,(woman) 스웻 크롭 반집업_5Color,119900,59900,0,0
매든,헨리넥 와플 롱 슬리브 레몬,69900,62910,0,0
무드인사이드,빈티지 링클 체크셔츠_4Color,79900,25900,1536,96
인템포무드,스테디 스트라이프 크롭 티셔츠 : 3컬러,57000,39900,258,98
마인드브릿지,[오정규 PICK] 골 조직 데일리 슬리브리스 - 3color,19900,17900,291,96
아디다스,케어베어 오버사이즈 티 - 화이트 / KR1480,69000,62100,4,100
미쏘,[설쁘 PICK] 캐주얼 셔츠_MIWYAG619C,49900,21210,46,96
잇자바이브,LACE POINT SLEEVELESS TOP - PURPLE,48000,36480,2,100
몽돌,[SET] 사이드 셔링 레이어드 티셔츠 라이트그레이 MDTS067LGRAY,48000,31680,18,94
디어미,슬림핏 스퀘어넥 티셔츠 [블랙],48000,19800,5,96
에잇세컨즈,후드 스트라이프 풀오버  스카이 블루,54900,24400,13,98
스파오,[COOLTECH] [BRA-IN] 캡내장 반팔 티셔츠_SPRWG37G50,29900,25890,0,0
팬시클럽,리버스 오브 헤븐 크롭 티 (BLACK) F25QB135,39000,27460,164,96
캘빈클라인 진,여성 모노로고 스쿱 베이비 반팔 티셔츠 47G220G YAF,89000,36530,33,96
피지컬 디파트먼트,나일론 사커 롱슬리브_블랙,69000,17910,38,96
108파운드,One-Shoulder Off Top_Navy,38000,24320,15,96
노매뉴얼,NM PAINTED CROP T-SHIRT - BLACK,42000,33600,38,96
후브스,오버다이드 아일렛 크롭 롱슬리브[다잉레드],62000,49600,89,96
유라고,Floral smocked V sleeveless_2colors,60000,45600,7,92
카키포인트,Damage Stud T-shirt (beige),78000,59280,133,92
커버낫,[2PACK] 쿨 코튼 티셔츠 Black+Black,49000,32760,1781,98
피지컬가먼츠,P5018 우먼 모달스판 카라 크롭반팔 [블랙],40000,23410,119,96
탑텐,여성) 나일론 크롭 워크셔츠_MSF2WC2503,49900,7510,12,98
쥬시쥬디,스퀘어넥플레어티셔츠 JZTS320C,49000,27150,60,96
아페쎄,네빌 니트 - 오프화이트 / COGDKH23394AAC,359000,88990,1,100
카미드,엔틱 반집업 반팔 [차콜],123900,74340,3,100
그로우하이드,코페디 새틴 스트랩 반팔 블라우스_블랙,89000,64080,0,0
아틀리에 나인,LOND WAIST TUCK  BLOUSE(Z-BL-4225),49000,36650,1337,96
플루크,서프 클럽 피그먼트 슬리브리스 화이트 FSL104,32800,16640,834,96
후브스,롤업 슬리브 크롭 반팔티 [블랙],46000,36800,46,96
제로시,(W) ZRS Spray Logo Tee (OATMEAL),45000,27000,50,98
웨이브유니온,Kathrine T-shirt heather dark gray,42000,35700,36,94
돌자비,끈조절 골지 홀터넥 슬리브리스 (올리브),49000,37490,11,98
도로시와,[Cool] Minimal Garments Cotna Quick Dry Tank_3colors,26000,21000,8,98
드로우핏,[서강준 PICK] 스테이블 린넨 스탠드 카라 셔츠 [2color],55000,49500,1889,96
에잇세컨즈,오픈칼라 슬림핏 반팔 셔츠  스카이 블루,34900,29660,8,98
미드나잇 무브,lace sh top (yellow),42000,33270,45,94
레터프롬문,브이넥 레이스 랩 티셔츠 ( 화이트 ),68000,48450,18,96
키쇼르,피그먼트 아플리케 반팔티 (3color),69000,39000,17,96
일리고,플레어 퍼프 블라우스 블랙,84000,54400,35,98
레더리,빈티지 슬릿 원숄더 반팔 티셔츠 [BLACK],42000,25320,55,94
세컨모놀로그,Openwork Boat Neck Knit [IVORY]_SEWKT010IVORY,52000,26000,12,100
시에클,자카드 스트라이프 셔츠 (그린),119000,107100,3,100
제너럴아이디어,라운드 카라 퍼프 블라우스 [CREAM] / GF2LSH521,54000,36800,31,98
엑스오엑스,베이직 쿨 라운드 크롭 반팔 니트 [BLACK],55000,27500,57,96
스탠다드에러,87-STAN206 클래식 레거시 오버핏 반팔 체크 셔츠 블랙,52000,9900,14,96
허그유어스킨,드로우 스트링 롱 슬리브 (멜란지 그레이),75000,48000,29,96
후브스,쿨링 페이퍼 루즈핏 반팔 셔츠 [6 COL],45000,36000,1140,96
트래블,리즌 트레일 피그먼트 반팔티 블랙 차콜,43000,25800,8357,96
노스페이스,NT7UR40A 여성 벨리아 반팔 티셔츠 WHITE,49000,16000,12,96
코이리스,메리아 헨리넥 나그랑 셔링 반팔 티 (2컬러),68800,33920,10,98
허그유어스킨,티어드 스카프 슬리브리스 (그레이),89000,60520,24,100
슈퍼서브,스페이스 에일리언 래글런 긴팔티 - 그레이/네이비,54000,33210,124,96
칙스,멀티 스트라이프 배색 후드 3color,119000,50330,3,86
익스프레스홀리데이,어센틱 나일론 하프 티셔츠_대한민국(블루),68000,37570,16,100
낫띵이즈베럴댄미,VINTAGE ARTWORK TEE_burgundy,42000,29900,185,98
고스트리퍼블릭,크롭 링거 반팔티 4Color GT-394,39900,19900,147,98
커버낫 우먼,[2PACK] 우먼 쿨 코튼 에센셜 티셔츠 버터+화이트,49000,39200,56,94
로제프란츠,Ribbon Shirring Sleeveless [Ivory],98000,54880,17,96
트릴리온,커버 스티치 피그먼트 반팔티_6color,40000,27900,108,96
낫유즈얼,고딕크로스 오버핏 반팔티 4color,60900,35070,12,92
에잇세컨즈,보트넥 립 슬리브리스  블랙,17900,15210,12,100
아메스 월드와이드,BASIC LOGO TEE GREY,34000,23800,674,96
드로우핏,와플 헨리넥 하프 티셔츠 [BLACK],34000,23800,1034,96
룰루레몬,스쿠바 에볼브 클래식 풀집 후디  HCUG MRRS,184000,184000,0,0
아모우,Star Circle long sleeve Gray,79000,47400,51,92
인템포무드,하프 위트 버튼 스트라이프 니트_블랙,47000,42300,409,98
르아르,90s 빈티지핏 피그먼트 티셔츠 (6color),47500,23900,70,94
이스케이프프롬,[ESCF X 핫투데이] 백 레터링 도트 홀터넥 슬리브리스 블루,50000,31920,1,100
피그먼트,[더편한]레이스퍼프블라우스 (YZTS2512080),37800,20790,24,92
오디에스,랩 실키 셔츠 (인디핑크),165000,138600,1,100
와키윌리,먼작귀 무당벌레 그래픽 반팔티셔츠 스카이블루,59000,59000,0,0
데이,[썸머] 워싱 링클 셔츠_CHARCOAL,59000,33500,107,94
에트오소메,Layered Lingerie long Slip Dress (Black),91000,81900,0,0
에잇세컨즈,셔츠 배색 저지 카디건  네이비,44900,38160,8,98
나이키,ACG 드라이 핏 티셔츠 M - 서밋 화이트 / IH1307-121,49000,49000,12,96
락케이크,Funk Mesh Top - Ivory,54000,42770,320,94
마뗑킴,MATIN PACE SUNBURST GRAFFITI COVERED TOP IN IVORY,98000,88200,0,0
투엘라,여성 글로우에어 시어 루즈핏 셔츠 3 Colors,54800,27160,17,94
세터,(W) 아치 로고 링거 반팔 티셔츠 블랙,59000,59000,6,94
마인드브릿지,래글런 오버핏 긴팔 티셔츠 - 2color,49900,19900,42,94
플레이스 스튜디오,레이어드 오프숄더 라운드 시스루 나시 반팔 투피스 티셔츠_ 3COLOR,42000,25520,53,90
쿠어,레이어드 믹스 컷 롱 슬리브 티셔츠 (다크네이비),130000,117000,0,0
챔피온,챔피온 X 루니툰즈 반팔 티셔츠 실베스터 White,55000,44000,9,100
트위,체론 홀터넥 케이블 니트 슬리브리스,29900,15920,8,100
길라아카이브,SQUARE STUD BELT ONE SHOULDER T-SHIRTS_BLACK,69000,55890,24,98
무드인사이드,[SET] 쿨링 셔츠 세트,119800,39900,23,94
브렌슨,오버핏 1:1 스트라이프 반팔티 ( 5Color ),27400,21900,1801,94
