seq,동,단지명,세대수,건축년도,매물수,위도,경도,dong,apt_name,dong_code,household,movein,offer,lat,lng,status,collected_at
80337,성내동,e편한세상3차,66,2004,,37.5352725,127.1284534,성내동,e편한세상3차,1174010800,66,2004,,37.5352725,127.1284534,failed,2026-08-27 00:07:21
256264,성내동,SK허브진,325,2004,매물 1건,37.5351624,127.1327538,성내동,SK허브진,1174010800,325,2004,매물 1건,37.5351624,127.1327538,done,2026-08-27 00:07:21
20393196,성내동,SM엘루이,104,2019,매물 6건,37.533036081,127.13754137,성내동,SM엘루이,1174010800,104,2019,매물 6건,37.533036081,127.13754137,done,2026-08-27 00:07:21
1698,성내동,경보그레이스힐,77,2002,,37.5311431,127.1354171,성내동,경보그레이스힐,1174010800,77,2002,,37.5311431,127.1354171,failed,2026-08-27 00:07:21
20455776,성내동,그란츠리버파크,407,2025,매물 30건,37.536485223,127.12823251,성내동,그란츠리버파크,1174010800,407,2025,매물 30건,37.536485223,127.12823251,done,2026-08-27 00:07:21
1650,성내동,동방,55,1995,매물 2건,37.5313769,127.1330733,성내동,동방,1174010800,55,1995,매물 2건,37.5313769,127.1330733,done,2026-08-27 00:07:21
1651,성내동,동아1차,135,1997,,37.5288539,127.1329732,성내동,동아1차,1174010800,135,1997,,37.5288539,127.1329732,failed,2026-08-27 00:07:21
1691,성내동,동원,57,2002,,37.5274605,127.1235197,성내동,동원,1174010800,57,2002,,37.5274605,127.1235197,failed,2026-08-27 00:07:21
1690,성내동,동원2차,73,2002,,37.5277079,127.1237682,성내동,동원2차,1174010800,73,2002,,37.5277079,127.1237682,failed,2026-08-27 00:07:21
20134000,성내동,둔촌역아치스톤,66,2010,매물 4건,37.5297425,127.1345145,성내동,둔촌역아치스톤,1174010800,66,2010,매물 4건,37.5297425,127.1345145,done,2026-08-27 00:07:21
1654,성내동,둔촌역청구,222,1999,,37.5293999,127.1332083,성내동,둔촌역청구,1174010800,222,1999,,37.5293999,127.1332083,failed,2026-08-27 00:07:21
20415372,성내동,라움포레,71,2020,매물 3건,37.533082858,127.12393621,성내동,라움포레,1174010800,71,2020,매물 3건,37.533082858,127.12393621,done,2026-08-27 00:07:21
20355511,성내동,라이저강동빌딩,84,2017,,37.534620967,127.13517735,성내동,라이저강동빌딩,1174010800,84,2017,,37.534620967,127.13517735,failed,2026-08-27 00:07:21
1661,성내동,선광,82,1997,매물 1건,37.5272042,127.1266363,성내동,선광,1174010800,82,1997,매물 1건,37.5272042,127.1266363,done,2026-08-27 00:07:21
50565,성내동,성내e편한세상1차,203,2003,,37.5332423,127.1309281,성내동,성내e편한세상1차,1174010800,203,2003,,37.5332423,127.1309281,failed,2026-08-27 00:07:21
256262,성내동,성내e편한세상2차,151,2004,매물 3건,37.53436,127.1264298,성내동,성내e편한세상2차,1174010800,151,2004,매물 3건,37.53436,127.1264298,done,2026-08-27 00:07:21
50564,성내동,성내동대성,67,2003,,37.5367734,127.1248723,성내동,성내동대성,1174010800,67,2003,,37.5367734,127.1248723,failed,2026-08-27 00:07:21
1662,성내동,성내삼성,"1,220",1999,매물 16건,37.530930767,127.1259433,성내동,성내삼성,1174010800,"1,220",1999,매물 16건,37.530930767,127.1259433,done,2026-08-27 00:07:21
20342411,성내동,성내올림픽파크한양수자인,482,2016,매물 1건,37.526768442,127.12817628,성내동,성내올림픽파크한양수자인,1174010800,482,2016,매물 1건,37.526768442,127.12817628,done,2026-08-27 00:07:21
1663,성내동,성안청구,349,2002,매물 1건,37.531418501,127.12481841,성내동,성안청구,1174010800,349,2002,매물 1건,37.531418501,127.12481841,done,2026-08-27 00:07:21
249627,성내동,신일유토빌,65,2004,매물 1건,37.5231596,127.1333781,성내동,신일유토빌,1174010800,65,2004,매물 1건,37.5231596,127.1333781,done,2026-08-27 00:07:21
20045641,성내동,씨제이나인,60,2006,,37.5358262,127.1312876,성내동,씨제이나인,1174010800,60,2006,,37.5358262,127.1312876,failed,2026-08-27 00:07:21
20152909,성내동,아이퍼스트빌,96,2012,,37.5342736,127.134554,성내동,아이퍼스트빌,1174010800,96,2012,,37.5342736,127.134554,failed,2026-08-27 00:07:21
20418661,성내동,에스아이팰리스센트럴성내(도시형),82,2021,매물 2건,37.527745383,127.12685533,성내동,에스아이팰리스센트럴성내(도시형),1174010800,82,2021,매물 2건,37.527745383,127.12685533,done,2026-08-27 00:07:21
20449979,성내동,에스아이팰리스올림픽공원아파트,58,2024,매물 15건,37.5268762,127.1227853,성내동,에스아이팰리스올림픽공원아파트,1174010800,58,2024,매물 15건,37.5268762,127.1227853,done,2026-08-27 00:07:21
1695,성내동,영풍마드레빌,132,2002,,37.5273314,127.1228172,성내동,영풍마드레빌,1174010800,132,2002,,37.5273314,127.1228172,failed,2026-08-27 00:07:21
249624,성내동,우림루미아트,69,2004,,37.5329114,127.1353066,성내동,우림루미아트,1174010800,69,2004,,37.5329114,127.1353066,failed,2026-08-27 00:07:21
249616,성내동,우성,57,2004,,37.532295494,127.13438006,성내동,우성,1174010800,57,2004,,37.532295494,127.13438006,failed,2026-08-27 00:07:21
1694,성내동,원다빌2,60,2002,,37.533365,127.1277747,성내동,원다빌2,1174010800,60,2002,,37.533365,127.1277747,failed,2026-08-27 00:07:21
20040546,성내동,이안강동,64,2006,매물 5건,37.5355396,127.1279627,성내동,이안강동,1174010800,64,2006,매물 5건,37.5355396,127.1279627,done,2026-08-27 00:07:21
1671,성내동,중앙하이츠,87,2001,,37.5304518,127.1335454,성내동,중앙하이츠,1174010800,87,2001,,37.5304518,127.1335454,failed,2026-08-27 00:07:21
20394327,성내동,집앤사비디(도시형),50,2019,매물 4건,37.527350521,127.12897485,성내동,집앤사비디(도시형),1174010800,50,2019,매물 4건,37.527350521,127.12897485,done,2026-08-27 00:07:21
20416389,성내동,집앤사비카(도시형) ,52,2020,매물 1건,37.529741037,127.132653,성내동,집앤사비카(도시형) ,1174010800,52,2020,매물 1건,37.529741037,127.132653,done,2026-08-27 00:07:21
20447022,성내동,천호역효성해링턴타워,636,2023,,37.535872593,127.12319204,성내동,천호역효성해링턴타워,1174010800,636,2023,,37.535872593,127.12319204,failed,2026-08-27 00:07:21
1674,성내동,코오롱1차,257,1999,,37.5343691,127.1323906,성내동,코오롱1차,1174010800,257,1999,,37.5343691,127.1323906,failed,2026-08-27 00:07:21
1697,성내동,코오롱2차,78,2002,,37.5325953,127.1217312,성내동,코오롱2차,1174010800,78,2002,,37.5325953,127.1217312,failed,2026-08-27 00:07:21
20125940,성내동,파라디아,60,2010,,37.5318761,127.1227919,성내동,파라디아,1174010800,60,2010,,37.5318761,127.1227919,failed,2026-08-27 00:07:21
50563,성내동,파크하임,87,2003,매물 20건,37.5269351,127.1347324,성내동,파크하임,1174010800,87,2003,매물 20건,37.5269351,127.1347324,done,2026-08-27 00:07:21
51950,성내동,포레스,56,2003,매물 1건,37.533267752,127.12271992,성내동,포레스,1174010800,56,2003,매물 1건,37.533267752,127.12271992,done,2026-08-27 00:07:21
448552,성내동,하나플러스2,90,2004,,37.525448775,127.13159048,성내동,하나플러스2,1174010800,90,2004,,37.525448775,127.13159048,failed,2026-08-27 00:07:21
1696,성내동,한솔브리즈,73,2002,,37.5248848,127.1299153,성내동,한솔브리즈,1174010800,73,2002,,37.5248848,127.1299153,failed,2026-08-27 00:07:21
52230,성내동,한솔애리즈2차,61,2003,,37.529124299,127.13409153,성내동,한솔애리즈2차,1174010800,61,2003,,37.529124299,127.13409153,failed,2026-08-27 00:07:21
20290796,성내동,한양립스,54,2014,,37.5341917,127.135799,성내동,한양립스,1174010800,54,2014,,37.5341917,127.135799,failed,2026-08-27 00:07:21
1680,성내동,현대,277,1987,매물 1건,37.5352413,127.1265528,성내동,현대,1174010800,277,1987,매물 1건,37.5352413,127.1265528,done,2026-08-27 00:07:21
20416705,성내동,힐데스하임올림픽파크,89,2020,매물 2건,37.524110787,127.13295798,성내동,힐데스하임올림픽파크,1174010800,89,2020,매물 2건,37.524110787,127.13295798,done,2026-08-27 00:07:21
1500071372,성내동,힐스테이트천호역젠트리스,160,2024,매물 34건,37.537228974,127.12574175,성내동,힐스테이트천호역젠트리스,1174010800,160,2024,매물 34건,37.537228974,127.12574175,done,2026-08-27 00:07:21
20449959,상일동,e편한세상고덕어반브릿지,593,2024,,37.555592155,127.18065324,상일동,e편한세상고덕어반브릿지,1174010300,593,2024,,37.555592155,127.18065324,failed,2026-08-27 00:07:21
20417349,상일동,강동리엔파크11단지,600,2021,,37.553690278,127.18104147,상일동,강동리엔파크11단지,1174010300,600,2021,,37.553690278,127.18104147,failed,2026-08-27 00:07:21
20433610,상일동,강동리엔파크13단지,339,2022,,37.552053869,127.18193255,상일동,강동리엔파크13단지,1174010300,339,2022,,37.552053869,127.18193255,failed,2026-08-27 00:07:21
20417115,상일동,강동리엔파크14단지,943,2021,매물 44건,37.551531379,127.18070161,상일동,강동리엔파크14단지,1174010300,943,2021,매물 44건,37.551531379,127.18070161,done,2026-08-27 00:07:21
1500059822,상일동,고덕롯데캐슬베네루체,"1,859",2019,매물 206건,37.54928613,127.16779392,상일동,고덕롯데캐슬베네루체,1174010300,"1,859",2019,매물 206건,37.54928613,127.16779392,done,2026-08-27 00:07:21
20135126,상일동,고덕리엔파크3단지,"2,283",2011,매물 1건,37.552807,127.175252,상일동,고덕리엔파크3단지,1174010300,"2,283",2011,매물 1건,37.552807,127.175252,done,2026-08-27 00:07:21
1500059984,상일동,고덕센트럴아이파크,"1,745",2019,매물 165건,37.551962561,127.1668278,상일동,고덕센트럴아이파크,1174010300,"1,745",2019,매물 165건,37.551962561,127.1668278,done,2026-08-27 00:07:21
20359583,상일동,고덕숲아이파크,687,2017,매물 43건,37.550931165,127.16408009,상일동,고덕숲아이파크,1174010300,687,2017,매물 43건,37.550931165,127.16408009,done,2026-08-27 00:07:21
20433561,상일동,고덕아르테스미소지움,100,2022,,37.550048996,127.15685539,상일동,고덕아르테스미소지움,1174010300,100,2022,,37.550048996,127.15685539,failed,2026-08-27 00:07:21
1500060287,상일동,고덕아르테온,"4,066",2020,매물 575건,37.554997475,127.1684801,상일동,고덕아르테온,1174010300,"4,066",2020,매물 575건,37.554997475,127.1684801,done,2026-08-27 00:07:21
1500060907,상일동,고덕자이,"1,824",2021,매물 160건,37.55229229,127.17063553,상일동,고덕자이,1174010300,"1,824",2021,매물 160건,37.55229229,127.17063553,done,2026-08-27 00:07:21
1569,상일동,명일중앙하이츠,410,1992,매물 1건,37.5507165,127.1598371,상일동,명일중앙하이츠,1174010300,410,1992,매물 1건,37.5507165,127.1598371,done,2026-08-27 00:07:21
1561,상일동,상일동아,186,1997,매물 1건,37.5461461,127.1675162,상일동,상일동아,1174010300,186,1997,매물 1건,37.5461461,127.1675162,done,2026-08-27 00:07:21
249597,둔촌동,광남캐스빌,126,2004,,37.5331401,127.1393465,둔촌동,광남캐스빌,1174010600,126,2004,,37.5331401,127.1393465,failed,2026-08-27 00:07:21
20453448,둔촌동,더샵둔촌포레,572,2024,매물 26건,37.5317282,127.1465572,둔촌동,더샵둔촌포레,1174010600,572,2024,매물 26건,37.5317282,127.1465572,done,2026-08-27 00:07:21
20446904,둔촌동,더샵파크솔레이유,195,2023,매물 16건,37.529737687,127.14493374,둔촌동,더샵파크솔레이유,1174010600,195,2023,매물 16건,37.529737687,127.14493374,done,2026-08-27 00:07:21
1603,둔촌동,동아,68,1992,,37.5288041,127.1442317,둔촌동,동아,1174010600,68,1992,,37.5288041,127.1442317,failed,2026-08-27 00:07:21
1575,둔촌동,동아,170,1997,매물 5건,37.5331763,127.1458735,둔촌동,동아,1174010600,170,1997,매물 5건,37.5331763,127.1458735,done,2026-08-27 00:07:21
1615,둔촌동,둔촌신동아파밀리에,357,2002,매물 14건,37.529157,127.1417216,둔촌동,둔촌신동아파밀리에,1174010600,357,2002,매물 14건,37.529157,127.1417216,done,2026-08-27 00:07:21
1606,둔촌동,둔촌신성미소지움,460,1998,매물 18건,37.5278606,127.1428539,둔촌동,둔촌신성미소지움,1174010600,460,1998,매물 18건,37.5278606,127.1428539,done,2026-08-27 00:07:21
1605,둔촌동,둔촌신성미소지움2차,278,2000,매물 3건,37.5273324,127.1436872,둔촌동,둔촌신성미소지움2차,1174010600,278,2000,매물 3건,37.5273324,127.1436872,done,2026-08-27 00:07:21
50551,둔촌동,둔촌청원,61,2003,,37.5318058,127.1433684,둔촌동,둔촌청원,1174010600,61,2003,,37.5318058,127.1433684,failed,2026-08-27 00:07:21
20126613,둔촌동,둔촌푸르지오,800,2010,매물 4건,37.5341284,127.1464079,둔촌동,둔촌푸르지오,1174010600,800,2010,매물 4건,37.5341284,127.1464079,done,2026-08-27 00:07:21
1609,둔촌동,둔촌하이츠,232,1998,매물 24건,37.5295514,127.1424221,둔촌동,둔촌하이츠,1174010600,232,1998,매물 24건,37.5295514,127.1424221,done,2026-08-27 00:07:21
50546,둔촌동,둔촌한솔솔파크,132,2003,매물 5건,37.533873869,127.14808988,둔촌동,둔촌한솔솔파크,1174010600,132,2003,매물 5건,37.533873869,127.14808988,done,2026-08-27 00:07:21
1610,둔촌동,둔촌현대4차,235,1996,매물 26건,37.5296229,127.1438166,둔촌동,둔촌현대4차,1174010600,235,1996,매물 26건,37.5296229,127.1438166,done,2026-08-27 00:07:21
1604,둔촌동,라이프1,78,1993,,37.5295198,127.1395776,둔촌동,라이프1,1174010600,78,1993,,37.5295198,127.1395776,failed,2026-08-27 00:07:21
12074073,둔촌동,성원,74,1995,,37.5328727,127.1479022,둔촌동,성원,1174010600,74,1995,,37.5328727,127.1479022,failed,2026-08-27 00:07:21
20021323,둔촌동,세양청마루,84,2005,매물 1건,37.5333,127.1406003,둔촌동,세양청마루,1174010600,84,2005,매물 1건,37.5333,127.1406003,done,2026-08-27 00:07:21
563308,둔촌동,아인리베,55,2005,,37.5309955,127.1384609,둔촌동,아인리베,1174010600,55,2005,,37.5309955,127.1384609,failed,2026-08-27 00:07:21
1500075497,둔촌동,올림픽파크서한포레스트,128,2027,매물 1건,37.530577705,127.13784753,둔촌동,올림픽파크서한포레스트,1174010600,128,2027,매물 1건,37.530577705,127.13784753,done,2026-08-27 00:07:21
1500073914,둔촌동,올림픽파크포레온,"12,032",2025,매물 950건,37.524396096,127.14008442,둔촌동,올림픽파크포레온,1174010600,"12,032",2025,매물 950건,37.524396096,127.14008442,done,2026-08-27 00:07:21
1589,둔촌동,프라자,354,1984,매물 13건,37.535417,127.1482561,둔촌동,프라자,1174010600,354,1984,매물 13건,37.535417,127.1482561,done,2026-08-27 00:07:21
1612,둔촌동,현대2차,196,1988,매물 2건,37.5293765,127.1405704,둔촌동,현대2차,1174010600,196,1988,매물 2건,37.5293765,127.1405704,done,2026-08-27 00:07:21
1613,둔촌동,현대3차,160,1988,,37.527336654,127.14482445,둔촌동,현대3차,1174010600,160,1988,,37.527336654,127.14482445,failed,2026-08-27 00:07:21
20066937,둔촌동,후성누리움,51,2007,매물 1건,37.5310351,127.1430978,둔촌동,후성누리움,1174010600,51,2007,매물 1건,37.5310351,127.1430978,done,2026-08-27 00:07:21
20412014,강일동,강동리버스트4단지,"1,239",2020,매물 22건,37.572919806,127.17222504,강일동,강동리버스트4단지,1174011000,"1,239",2020,매물 22건,37.572919806,127.17222504,done,2026-08-27 00:07:21
20417020,강일동,강동리버스트6단지,"1,244",2020,,37.570553771,127.16969135,강일동,강동리버스트6단지,1174011000,"1,244",2020,,37.570553771,127.16969135,failed,2026-08-27 00:07:21
20416990,강일동,강동리버스트7단지,"1,025",2020,,37.570630959,127.1737358,강일동,강동리버스트7단지,1174011000,"1,025",2020,,37.570630959,127.1737358,failed,2026-08-27 00:07:21
20417175,강일동,강동리버스트8단지,946,2021,매물 1건,37.571528303,127.17619914,강일동,강동리버스트8단지,1174011000,946,2021,매물 1건,37.571528303,127.17619914,done,2026-08-27 00:07:21
20417027,강일동,강동리엔파크9단지,366,2020,,37.556965625,127.18054123,강일동,강동리엔파크9단지,1174011000,366,2020,,37.556965625,127.18054123,failed,2026-08-27 00:07:21
20116563,강일동,강일리버파크10단지,694,2009,매물 4건,37.560110435,127.18079431,강일동,강일리버파크10단지,1174011000,694,2009,매물 4건,37.560110435,127.18079431,done,2026-08-27 00:07:21
20330305,강일동,강일리버파크11단지,244,2015,,37.563048543,127.18022982,강일동,강일리버파크11단지,1174011000,244,2015,,37.563048543,127.18022982,failed,2026-08-27 00:07:21
20116298,강일동,강일리버파크1단지,282,2009,매물 2건,37.567682899,127.17201761,강일동,강일리버파크1단지,1174011000,282,2009,매물 2건,37.567682899,127.17201761,done,2026-08-27 00:07:21
20116299,강일동,강일리버파크2단지,442,2009,매물 3건,37.569496556,127.17632317,강일동,강일리버파크2단지,1174011000,442,2009,매물 3건,37.569496556,127.17632317,done,2026-08-27 00:07:21
20116301,강일동,강일리버파크3단지,987,2009,매물 1건,37.5655009,127.1750737,강일동,강일리버파크3단지,1174011000,987,2009,매물 1건,37.5655009,127.1750737,done,2026-08-27 00:07:21
20116300,강일동,강일리버파크4단지,748,2009,매물 7건,37.566979,127.1767584,강일동,강일리버파크4단지,1174011000,748,2009,매물 7건,37.566979,127.1767584,done,2026-08-27 00:07:21
20121562,강일동,강일리버파크5단지,722,2009,매물 19건,37.56768281,127.1781526,강일동,강일리버파크5단지,1174011000,722,2009,매물 19건,37.56768281,127.1781526,done,2026-08-27 00:07:21
20116302,강일동,강일리버파크6단지,553,2009,매물 3건,37.5627168,127.1772274,강일동,강일리버파크6단지,1174011000,553,2009,매물 3건,37.5627168,127.1772274,done,2026-08-27 00:07:21
20120625,강일동,강일리버파크7단지,731,2009,매물 3건,37.56480738,127.17898334,강일동,강일리버파크7단지,1174011000,731,2009,매물 3건,37.56480738,127.17898334,done,2026-08-27 00:07:21
20116303,강일동,강일리버파크8단지,410,2009,매물 1건,37.561612014,127.17688182,강일동,강일리버파크8단지,1174011000,410,2009,매물 1건,37.561612014,127.17688182,done,2026-08-27 00:07:21
20116564,강일동,강일리버파크9단지,841,2009,,37.559779947,127.17890341,강일동,강일리버파크9단지,1174011000,841,2009,,37.559779947,127.17890341,failed,2026-08-27 00:07:21
20135047,강일동,고덕리엔파크1단지,605,2011,매물 7건,37.5616554,127.1714606,강일동,고덕리엔파크1단지,1174011000,605,2011,매물 7건,37.5616554,127.1714606,done,2026-08-27 00:07:21
20135043,강일동,고덕리엔파크2단지,636,2011,매물 10건,37.5587811,127.1731494,강일동,고덕리엔파크2단지,1174011000,636,2011,매물 10건,37.5587811,127.1731494,done,2026-08-27 00:07:21
20400509,강일동,행복주택푸르내,119,2020,,37.55649206,127.17234272,강일동,행복주택푸르내,1174011000,119,2020,,37.55649206,127.17234272,failed,2026-08-27 00:07:21
20448617,강일동,힐스테이트리슈빌강일,809,2023,매물 16건,37.573895161,127.17514493,강일동,힐스테이트리슈빌강일,1174011000,809,2023,매물 16건,37.573895161,127.17514493,done,2026-08-27 00:07:21
20100761,암사동,강동롯데캐슬퍼스트,"3,226",2008,매물 196건,37.55646972,127.14171757,암사동,강동롯데캐슬퍼스트,1174010700,"3,226",2008,매물 196건,37.55646972,127.14171757,done,2026-08-27 00:07:21
80329,암사동,강동현대홈타운,568,2004,매물 25건,37.556387993,127.13845799,암사동,강동현대홈타운,1174010700,568,2004,매물 25건,37.556387993,127.13845799,done,2026-08-27 00:07:21
20362260,암사동,금정우리가,78,2018,,37.555334018,127.13752349,암사동,금정우리가,1174010700,78,2018,,37.555334018,127.13752349,failed,2026-08-27 00:07:21
1639,암사동,대명,80,1987,,37.5552585,127.1357833,암사동,대명,1174010700,80,1987,,37.5552585,127.1357833,failed,2026-08-27 00:07:21
1620,암사동,대원,114,1998,매물 22건,37.554594,127.1304746,암사동,대원,1174010700,114,1998,매물 22건,37.554594,127.1304746,done,2026-08-27 00:07:21
1643,암사동,동원베네스트,106,2002,매물 2건,37.5541089,127.1311359,암사동,동원베네스트,1174010700,106,2002,매물 2건,37.5541089,127.1311359,done,2026-08-27 00:07:21
1622,암사동,삼성광나루,490,2002,매물 98건,37.5540433,127.1271166,암사동,삼성광나루,1174010700,490,2002,매물 98건,37.5540433,127.1271166,done,2026-08-27 00:07:21
1623,암사동,선사현대,"2,938",2000,매물 442건,37.552514356,127.12579854,암사동,선사현대,1174010700,"2,938",2000,매물 442건,37.552514356,127.12579854,done,2026-08-27 00:07:21
20020053,암사동,암사e편한세상,131,2005,매물 29건,37.5512924,127.13884465,암사동,암사e편한세상,1174010700,131,2005,매물 29건,37.5512924,127.13884465,done,2026-08-27 00:07:21
1628,암사동,암사라인,107,1996,매물 17건,37.5552171,127.1313128,암사동,암사라인,1174010700,107,1996,매물 17건,37.5552171,127.1313128,done,2026-08-27 00:07:21
1627,암사동,암사한솔,203,2002,매물 4건,37.5520769,127.1403182,암사동,암사한솔,1174010700,203,2002,매물 4건,37.5520769,127.1403182,done,2026-08-27 00:07:21
1630,암사동,정산,79,2001,매물 7건,37.5553805,127.1304087,암사동,정산,1174010700,79,2001,매물 7건,37.5553805,127.1304087,done,2026-08-27 00:07:21
1631,암사동,중앙하이츠,126,1998,매물 3건,37.5513287,127.1322874,암사동,중앙하이츠,1174010700,126,1998,매물 3건,37.5513287,127.1322874,done,2026-08-27 00:07:21
20071454,암사동,프라이어팰리스,"1,622",2007,매물 86건,37.5535297,127.1395194,암사동,프라이어팰리스,1174010700,"1,622",2007,매물 86건,37.5535297,127.1395194,done,2026-08-27 00:07:21
1637,암사동,한강포스파크,134,2002,,37.5562302,127.1342585,암사동,한강포스파크,1174010700,134,2002,,37.5562302,127.1342585,failed,2026-08-27 00:07:21
1635,암사동,한강현대,417,1999,매물 39건,37.55562522,127.13183592,암사동,한강현대,1174010700,417,1999,매물 39건,37.55562522,127.13183592,done,2026-08-27 00:07:21
20121590,암사동,한솔솔파크더리버,127,2009,매물 5건,37.5496381,127.1235999,암사동,한솔솔파크더리버,1174010700,127,2009,매물 5건,37.5496381,127.1235999,done,2026-08-27 00:07:21
52339,암사동,효정하나빌리지,60,2003,,37.5514487,127.1344948,암사동,효정하나빌리지,1174010700,60,2003,,37.5514487,127.1344948,failed,2026-08-27 00:07:21
1500059737,암사동,힐스테이트강동리버뷰,460,2019,매물 10건,37.548793603,127.1254528,암사동,힐스테이트강동리버뷰,1174010700,460,2019,매물 10건,37.548793603,127.1254528,done,2026-08-27 00:07:21
1500060617,길동,e편한세상강동에코포레,366,2020,매물 26건,37.541218711,127.14817456,길동,e편한세상강동에코포레,1174010500,366,2020,매물 26건,37.541218711,127.14817456,done,2026-08-27 00:07:21
50547,길동,GS강동자이,596,2003,매물 21건,37.538056776,127.14986325,길동,GS강동자이,1174010500,596,2003,매물 21건,37.538056776,127.14986325,done,2026-08-27 00:07:21
20460585,길동,강동디아테온,64,2026,매물 17건,37.5429823,127.1423966,길동,강동디아테온,1174010500,64,2026,매물 17건,37.5429823,127.1423966,done,2026-08-27 00:07:21
20285367,길동,강동렘브란트,89,2014,,37.5350561,127.1373005,길동,강동렘브란트,1174010500,89,2014,,37.5350561,127.1373005,failed,2026-08-27 00:07:21
20061660,길동,강동역SK허브,94,2006,매물 6건,37.535732388,127.13475111,길동,강동역SK허브,1174010500,94,2006,매물 6건,37.535732388,127.13475111,done,2026-08-27 00:07:21
20285546,길동,강동와이시티,216,2014,,37.5365782,127.1375031,길동,강동와이시티,1174010500,216,2014,,37.5365782,127.1375031,failed,2026-08-27 00:07:21
20172358,길동,강동큐브2차(도시형),236,2013,매물 1건,37.536632951,127.13615301,길동,강동큐브2차(도시형),1174010500,236,2013,매물 1건,37.536632951,127.13615301,done,2026-08-27 00:07:21
20057245,길동,강동한신휴플러스,124,2006,,37.5360585,127.1374998,길동,강동한신휴플러스,1174010500,124,2006,,37.5360585,127.1374998,failed,2026-08-27 00:07:21
1500073962,길동,강동헤리티지자이,"1,299",2024,매물 73건,37.539854953,127.14932373,길동,강동헤리티지자이,1174010500,"1,299",2024,매물 73건,37.539854953,127.14932373,done,2026-08-27 00:07:21
20441009,길동,거산유팰리스2차,108,2022,,37.536439683,127.1377876,길동,거산유팰리스2차,1174010500,108,2022,,37.536439683,127.1377876,failed,2026-08-27 00:07:21
20391769,길동,경지아리움,124,2019,,37.536448434,127.13808621,길동,경지아리움,1174010500,124,2019,,37.536448434,127.13808621,failed,2026-08-27 00:07:21
20056183,길동,광남캐스빌,59,2006,,37.5348198,127.140018,길동,광남캐스빌,1174010500,59,2006,,37.5348198,127.140018,failed,2026-08-27 00:07:21
1583,길동,길동신동아4차,95,1999,매물 2건,37.5415069,127.1475403,길동,길동신동아4차,1174010500,95,1999,매물 2건,37.5415069,127.1475403,done,2026-08-27 00:07:21
20453638,길동,길동역세권청년주택,567,0,,37.5396073,127.1402628,길동,길동역세권청년주택,1174010500,567,0,,37.5396073,127.1402628,failed,2026-08-27 00:07:21
1570,길동,길동우성,811,1994,매물 6건,37.5371709,127.1442038,길동,길동우성,1174010500,811,1994,매물 6건,37.5371709,127.1442038,done,2026-08-27 00:07:21
20153334,길동,다성이즈빌,96,2012,,37.5406761,127.1424376,길동,다성이즈빌,1174010500,96,2012,,37.5406761,127.1424376,failed,2026-08-27 00:07:21
20429833,길동,다성이즈빌,96,1000,매물 1건,37.537042,127.135809,길동,다성이즈빌,1174010500,96,1000,매물 1건,37.537042,127.135809,done,2026-08-27 00:07:21
20322930,길동,다성이즈빌,55,2015,,37.53798297,127.13874076,길동,다성이즈빌,1174010500,55,2015,,37.53798297,127.13874076,failed,2026-08-27 00:07:21
20382720,길동,다성이즈빌,50,2018,,37.538159964,127.13840165,길동,다성이즈빌,1174010500,50,2018,,37.538159964,127.13840165,failed,2026-08-27 00:07:21
249588,길동,다성이즈빌,53,2004,,37.5378409,127.1390561,길동,다성이즈빌,1174010500,53,2004,,37.5378409,127.1390561,failed,2026-08-27 00:07:21
20381538,길동,다성이즈빌(456-4),105,2018,,37.535296369,127.13704317,길동,다성이즈빌(456-4),1174010500,105,2018,,37.535296369,127.13704317,failed,2026-08-27 00:07:21
1572,길동,대상,80,1999,매물 1건,37.5411179,127.1447679,길동,대상,1174010500,80,1999,매물 1건,37.5411179,127.1447679,done,2026-08-27 00:07:21
20299734,길동,도고하임,80,2014,,37.5355739,127.1384024,길동,도고하임,1174010500,80,2014,,37.5355739,127.1384024,failed,2026-08-27 00:07:21
20341866,길동,동남아이스타즈,130,0,,37.536717148,127.13825019,길동,동남아이스타즈,1174010500,130,0,,37.536717148,127.13825019,failed,2026-08-27 00:07:21
20124619,길동,동서울오네뜨,71,2009,,37.5426182,127.1436657,길동,동서울오네뜨,1174010500,71,2009,,37.5426182,127.1436657,failed,2026-08-27 00:07:21
1576,길동,라인,128,1998,,37.5392427,127.1415044,길동,라인,1174010500,128,1998,,37.5392427,127.1415044,failed,2026-08-27 00:07:21
20170721,길동,백천이스트하임,84,2012,,37.5394128,127.1412721,길동,백천이스트하임,1174010500,84,2012,,37.5394128,127.1412721,failed,2026-08-27 00:07:21
1578,길동,삼익세라믹,83,1992,매물 4건,37.5382033,127.1488853,길동,삼익세라믹,1174010500,83,1992,매물 4건,37.5382033,127.1488853,done,2026-08-27 00:07:21
1579,길동,삼익파크맨숀,"1,092",1985,매물 2건,37.544731564,127.1475682,길동,삼익파크맨숀,1174010500,"1,092",1985,매물 2건,37.544731564,127.1475682,done,2026-08-27 00:07:21
1599,길동,신암가온,55,2002,,37.5369711,127.1379909,길동,신암가온,1174010500,55,2002,,37.5369711,127.1379909,failed,2026-08-27 00:07:21
20447557,길동,에스아이팰리스강동센텀I,64,2023,,37.537706444,127.13863722,길동,에스아이팰리스강동센텀I,1174010500,64,2023,,37.537706444,127.13863722,failed,2026-08-27 00:07:21
20449135,길동,에스아이팰리스강동센텀Ⅱ,96,2024,매물 6건,37.5379301,127.13755332,길동,에스아이팰리스강동센텀Ⅱ,1174010500,96,2024,매물 6건,37.5379301,127.13755332,done,2026-08-27 00:07:21
249570,길동,예전이룸1차,62,2004,,37.535129,127.1408488,길동,예전이룸1차,1174010500,62,2004,,37.535129,127.1408488,failed,2026-08-27 00:07:21
249573,길동,예전이룸2차,64,2004,,37.5427293,127.1428286,길동,예전이룸2차,1174010500,64,2004,,37.5427293,127.1428286,failed,2026-08-27 00:07:21
50548,길동,우림루미아트,78,2003,,37.5422748,127.1485347,길동,우림루미아트,1174010500,78,2003,,37.5422748,127.1485347,failed,2026-08-27 00:07:21
50167,길동,우성,162,1989,,37.543334715,127.14416514,길동,우성,1174010500,162,1989,,37.543334715,127.14416514,failed,2026-08-27 00:07:21
20449916,길동,중앙하이츠강동,96,0,,37.5373511,127.1371177,길동,중앙하이츠강동,1174010500,96,0,,37.5373511,127.1371177,failed,2026-08-27 00:07:21
20166878,길동,청광플러스원큐브1차,112,2012,,37.5380141,127.1383688,길동,청광플러스원큐브1차,1174010500,112,2012,,37.5380141,127.1383688,failed,2026-08-27 00:07:21
20181962,길동,청광플러스원큐브2차,111,2013,,37.5351352,127.1369682,길동,청광플러스원큐브2차,1174010500,111,2013,,37.5351352,127.1369682,failed,2026-08-27 00:07:21
20299717,길동,청광플러스원큐브3차,207,2014,,37.5364098,127.1363322,길동,청광플러스원큐브3차,1174010500,207,2014,,37.5364098,127.1363322,failed,2026-08-27 00:07:21
256592,길동,하나플러스,68,2004,,37.5361712,127.144188,길동,하나플러스,1174010500,68,2004,,37.5361712,127.144188,failed,2026-08-27 00:07:21
20057294,길동,하이브,73,2006,,37.5355863,127.1373201,길동,하이브,1174010500,73,2006,,37.5355863,127.1373201,failed,2026-08-27 00:07:21
256600,길동,한빛,317,2004,매물 1건,37.5381604,127.1363615,길동,한빛,1174010500,317,2004,매물 1건,37.5381604,127.1363615,done,2026-08-27 00:07:21
1592,길동,현대,264,1996,매물 5건,37.536452136,127.14696353,길동,현대,1174010500,264,1996,매물 5건,37.536452136,127.14696353,done,2026-08-27 00:07:21
20154900,길동,현대웰하임1단지,128,2012,매물 6건,37.5410676,127.1454986,길동,현대웰하임1단지,1174010500,128,2012,매물 6건,37.5410676,127.1454986,done,2026-08-27 00:07:21
20154868,길동,현대웰하임2단지,139,2012,매물 3건,37.5411689,127.1462203,길동,현대웰하임2단지,1174010500,139,2012,매물 3건,37.5411689,127.1462203,done,2026-08-27 00:07:21
1600,길동,희훈리치파크,102,2002,,37.5393893,127.1394921,길동,희훈리치파크,1174010500,102,2002,,37.5393893,127.1394921,failed,2026-08-27 00:07:21
1500074838,천호동,e편한세상강동프레스티지원,535,2026,매물 3건,37.542689292,127.12667765,천호동,e편한세상강동프레스티지원,1174010900,535,2026,매물 3건,37.542689292,127.12667765,done,2026-08-27 00:07:21
1500071349,천호동,강동밀레니얼중흥S클래스,999,2024,매물 83건,37.541177783,127.12767479,천호동,강동밀레니얼중흥S클래스,1174010900,999,2024,매물 83건,37.541177783,127.12767479,done,2026-08-27 00:07:21
20065634,천호동,강동상떼빌,110,2007,매물 3건,37.5370257,127.1304413,천호동,강동상떼빌,1174010900,110,2007,매물 3건,37.5370257,127.1304413,done,2026-08-27 00:07:21
249644,천호동,강동역두산위브센티움,140,2004,,37.5372254,127.1348042,천호동,강동역두산위브센티움,1174010900,140,2004,,37.5372254,127.1348042,failed,2026-08-27 00:07:21
20323378,천호동,강동역신동아파밀리에,230,2015,매물 21건,37.53655393,127.13331282,천호동,강동역신동아파밀리에,1174010900,230,2015,매물 21건,37.53655393,127.13331282,done,2026-08-27 00:07:21
20019987,천호동,강동이루미,74,2005,,37.5438676,127.1404747,천호동,강동이루미,1174010900,74,2005,,37.5438676,127.1404747,failed,2026-08-27 00:07:21
20116765,천호동,강변그대가갤럭시,134,2009,,37.5467514,127.1226843,천호동,강변그대가갤럭시,1174010900,134,2009,,37.5467514,127.1226843,failed,2026-08-27 00:07:21
20064875,천호동,강변그대가리버뷰,225,2007,매물 9건,37.5483376,127.1233659,천호동,강변그대가리버뷰,1174010900,225,2007,매물 9건,37.5483376,127.1233659,done,2026-08-27 00:07:21
1720,천호동,고려A,67,2000,,37.5503225,127.1410765,천호동,고려A,1174010900,67,2000,,37.5503225,127.1410765,failed,2026-08-27 00:07:21
1700,천호동,금호,232,1987,매물 3건,37.5448169,127.142214,천호동,금호,1174010900,232,1987,매물 3건,37.5448169,127.142214,done,2026-08-27 00:07:21
20359320,천호동,다성이즈빌,96,2017,,37.547644006,127.12367198,천호동,다성이즈빌,1174010900,96,2017,,37.547644006,127.12367198,failed,2026-08-27 00:07:21
1701,천호동,대명사이버,100,2001,,37.543471,127.1400531,천호동,대명사이버,1174010900,100,2001,,37.543471,127.1400531,failed,2026-08-27 00:07:21
20064804,천호동,대우한강베네시티,205,2007,매물 4건,37.5406144,127.124962,천호동,대우한강베네시티,1174010900,205,2007,매물 4건,37.5406144,127.124962,done,2026-08-27 00:07:21
1500074821,천호동,더샵강동센트럴시티,670,2025,매물 1건,37.539144829,127.12878018,천호동,더샵강동센트럴시티,1174010900,670,2025,매물 1건,37.539144829,127.12878018,done,2026-08-27 00:07:21
1727,천호동,동구햇살,63,2002,,37.54822648,127.14097773,천호동,동구햇살,1174010900,63,2002,,37.54822648,127.14097773,failed,2026-08-27 00:07:21
1702,천호동,동아코아,191,1997,,37.5412753,127.125912,천호동,동아코아,1174010900,191,1997,,37.5412753,127.125912,failed,2026-08-27 00:07:21
1703,천호동,동아하이빌,526,2000,,37.5447137,127.1344342,천호동,동아하이빌,1174010900,526,2000,,37.5447137,127.1344342,failed,2026-08-27 00:07:21
249649,천호동,두산위브센티움,156,2004,,37.5394125,127.1270247,천호동,두산위브센티움,1174010900,156,2004,,37.5394125,127.1270247,failed,2026-08-27 00:07:21
20355515,천호동,래미안강동팰리스,999,2017,매물 34건,37.53738884,127.1319905,천호동,래미안강동팰리스,1174010900,999,2017,매물 34건,37.53738884,127.1319905,done,2026-08-27 00:07:21
20433190,천호동,로데오팰리스,176,2022,,37.538347557,127.12801348,천호동,로데오팰리스,1174010900,176,2022,,37.538347557,127.12801348,failed,2026-08-27 00:07:21
20400508,천호동,미사아름채,141,2020,,37.538391172,127.12825682,천호동,미사아름채,1174010900,141,2020,,37.538391172,127.12825682,done,2026-08-27 00:07:21
20459781,천호동,비오르(주상복합),53,2026,매물 14건,37.541382966,127.12538098,천호동,비오르(주상복합),1174010900,53,2026,매물 14건,37.541382966,127.12538098,done,2026-08-27 00:07:21
1705,천호동,삼익,150,1997,,37.5485854,127.1284964,천호동,삼익,1174010900,150,1997,,37.5485854,127.1284964,failed,2026-08-27 00:07:21
1712,천호동,성원,122,1998,,37.538685,127.1342372,천호동,성원,1174010900,122,1998,,37.538685,127.1342372,failed,2026-08-27 00:07:21
20427701,천호동,아스하임9차(도시형),149,2021,매물 1건,37.540767658,127.12385886,천호동,아스하임9차(도시형),1174010900,149,2021,매물 1건,37.540767658,127.12385886,done,2026-08-27 00:07:21
20020026,천호동,암사브라운스톤,125,2005,매물 3건,37.5487298,127.1290793,천호동,암사브라운스톤,1174010900,125,2005,매물 3건,37.5487298,127.1290793,done,2026-08-27 00:07:21
20394648,천호동,어바니엘(도시형),182,2019,,37.538157748,127.12873073,천호동,어바니엘(도시형),1174010900,182,2019,,37.538157748,127.12873073,failed,2026-08-27 00:07:21
20385852,천호동,엘림스퀘어2차,143,2019,매물 1건,37.540303506,127.12628494,천호동,엘림스퀘어2차,1174010900,143,2019,매물 1건,37.540303506,127.12628494,done,2026-08-27 00:07:21
1707,천호동,우정,85,1996,,37.5441778,127.1412294,천호동,우정,1174010900,85,1996,,37.5441778,127.1412294,failed,2026-08-27 00:07:21
256632,천호동,우정에쉐르,68,2004,,37.537963832,127.13345677,천호동,우정에쉐르,1174010900,68,2004,,37.537963832,127.13345677,failed,2026-08-27 00:07:21
1708,천호동,유원천호,174,1997,,37.5487741,127.1278651,천호동,유원천호,1174010900,174,1997,,37.5487741,127.1278651,failed,2026-08-27 00:07:21
1709,천호동,제일,62,1995,,37.5444338,127.1275679,천호동,제일,1174010900,62,1995,,37.5444338,127.1275679,failed,2026-08-27 00:07:21
1710,천호동,중앙하이츠,226,1998,매물 2건,37.5472957,127.1302233,천호동,중앙하이츠,1174010900,226,1998,매물 2건,37.5472957,127.1302233,done,2026-08-27 00:07:21
20392914,천호동,집앤사스윗사이드,76,2019,,37.545828879,127.12243781,천호동,집앤사스윗사이드,1174010900,76,2019,,37.545828879,127.12243781,failed,2026-08-27 00:07:21
20020083,천호동,천호e편한세상,150,2005,,37.5443727,127.1243522,천호동,천호e편한세상,1174010900,150,2005,,37.5443727,127.1243522,failed,2026-08-27 00:07:21
1711,천호동,천호롯데,114,1999,,37.5416105,127.1382628,천호동,천호롯데,1174010900,114,1999,,37.5416105,127.1382628,failed,2026-08-27 00:07:21
1704,천호동,천호삼성,643,1997,매물 2건,37.5387176,127.1352572,천호동,천호삼성,1174010900,643,1997,매물 2건,37.5387176,127.1352572,done,2026-08-27 00:07:21
20455234,천호동,천호역마에스트로,77,0,,37.5431454,127.1247178,천호동,천호역마에스트로,1174010900,77,0,,37.5431454,127.1247178,failed,2026-08-27 00:07:21
20428155,천호동,천호역한강청년주택,223,2021,,37.539341766,127.12236078,천호동,천호역한강청년주택,1174010900,223,2021,,37.539341766,127.12236078,failed,2026-08-27 00:07:21
249635,천호동,천호우림루미아트1차,77,2004,,37.5441219,127.1397194,천호동,천호우림루미아트1차,1174010900,77,2004,,37.5441219,127.1397194,failed,2026-08-27 00:07:21
249637,천호동,천호우림루미아트2차,70,2004,매물 4건,37.543065687,127.14064473,천호동,천호우림루미아트2차,1174010900,70,2004,매물 4건,37.543065687,127.14064473,done,2026-08-27 00:07:21
1706,천호동,천호우성,479,1985,,37.548590248,127.13812671,천호동,천호우성,1174010900,479,1985,,37.548590248,127.13812671,failed,2026-08-27 00:07:21
1714,천호동,천호태영,649,1999,매물 1건,37.5381545,127.130007,천호동,천호태영,1174010900,649,1999,매물 1건,37.5381545,127.130007,done,2026-08-27 00:07:21
1723,천호동,평대미진,58,2003,,37.5498013,127.1408827,천호동,평대미진,1174010900,58,2003,,37.5498013,127.1408827,failed,2026-08-27 00:07:21
20172108,천호동,하이브2차,66,2013,,37.5371982,127.1332781,천호동,하이브2차,1174010900,66,2013,,37.5371982,127.1332781,failed,2026-08-27 00:07:21
1716,천호동,한신,224,1991,매물 1건,37.5457708,127.1348466,천호동,한신,1174010900,224,1991,매물 1건,37.5457708,127.1348466,done,2026-08-27 00:07:21
1717,천호동,현대,156,1990,매물 1건,37.5383992,127.1329005,천호동,현대,1174010900,156,1990,매물 1건,37.5383992,127.1329005,done,2026-08-27 00:07:21
1718,천호동,"현대코아(천호아이파크,주상복합)",185,1999,매물 7건,37.5359976,127.133523,천호동,"현대코아(천호아이파크,주상복합)",1174010900,185,1999,매물 7건,37.5359976,127.133523,done,2026-08-27 00:07:21
20359308,천호동,현진리버파크,72,2017,,37.542194118,127.1208166,천호동,현진리버파크,1174010900,72,2017,,37.542194118,127.1208166,failed,2026-08-27 00:07:21
20441320,천호동,힐데스하임천호,188,2022,매물 1건,37.54183715,127.12615118,천호동,힐데스하임천호,1174010900,188,2022,매물 1건,37.54183715,127.12615118,done,2026-08-27 00:07:21
1500058938,고덕동,고덕그라시움,"4,932",2019,매물 450건,37.557900998,127.16363134,고덕동,고덕그라시움,1174010200,"4,932",2019,매물 450건,37.557900998,127.16363134,done,2026-08-27 00:07:21
20348253,고덕동,고덕래미안힐스테이트,"3,658",2017,매물 51건,37.55947892,127.14913652,고덕동,고덕래미안힐스테이트,1174010200,"3,658",2017,매물 51건,37.55947892,127.14913652,done,2026-08-27 00:07:21
448546,고덕동,고덕상록주공8,700,1984,,37.556966881,127.15478463,고덕동,고덕상록주공8,1174010200,700,1984,,37.556966881,127.15478463,failed,2026-08-27 00:07:21
20411737,고덕동,고덕센트럴푸르지오,656,2020,매물 94건,37.55765684,127.17062512,고덕동,고덕센트럴푸르지오,1174010200,656,2020,매물 94건,37.55765684,127.17062512,done,2026-08-27 00:07:21
20166512,고덕동,고덕아이파크,"1,142",2011,매물 28건,37.5589407,127.1552709,고덕동,고덕아이파크,1174010200,"1,142",2011,매물 28건,37.5589407,127.1552709,done,2026-08-27 00:07:21
1500071991,고덕동,고덕풍경채어바니티,780,2024,매물 19건,37.563642488,127.16851088,고덕동,고덕풍경채어바니티,1174010200,780,2024,매물 19건,37.563642488,127.16851088,done,2026-08-27 00:07:21
1553,고덕동,대우,99,1986,,37.5588112,127.1449588,고덕동,대우,1174010200,99,1986,,37.5588112,127.1449588,failed,2026-08-27 00:07:21
1559,고덕동,배재현대,448,1995,매물 5건,37.5565058,127.1521009,고덕동,배재현대,1174010200,448,1995,매물 5건,37.5565058,127.1521009,done,2026-08-27 00:07:21
1556,고덕동,아남,807,1996,매물 20건,37.5579453,127.1460458,고덕동,아남,1174010200,807,1996,매물 20건,37.5579453,127.1460458,done,2026-08-27 00:07:21
1532,명일동,고덕주공9단지,"1,320",1985,매물 33건,37.547971306,127.15061865,명일동,고덕주공9단지,1174010100,"1,320",1985,매물 33건,37.547971306,127.15061865,done,2026-08-27 00:07:21
1546,명일동,고덕현대,524,1986,매물 15건,37.5505067,127.1535479,명일동,고덕현대,1174010100,524,1986,매물 15건,37.5505067,127.1535479,done,2026-08-27 00:07:21
1500058574,명일동,래미안명일역솔베뉴,"1,900",2019,매물 76건,37.55320192,127.14532829,명일동,래미안명일역솔베뉴,1174010100,"1,900",2019,매물 76건,37.55320192,127.14532829,done,2026-08-27 00:07:21
1534,명일동,명일GS,772,1999,매물 27건,37.548976923,127.14623558,명일동,명일GS,1174010100,772,1999,매물 27건,37.548976923,127.14623558,done,2026-08-27 00:07:21
1539,명일동,명일삼환,306,1992,매물 8건,37.5536984,127.1538354,명일동,명일삼환,1174010100,306,1992,매물 8건,37.5536984,127.1538354,done,2026-08-27 00:07:21
1542,명일동,명일우성,572,1986,매물 29건,37.55109551,127.15237902,명일동,명일우성,1174010100,572,1986,매물 29건,37.55109551,127.15237902,done,2026-08-27 00:07:21
1544,명일동,명일진로,68,1994,매물 6건,37.5532448,127.1547947,명일동,명일진로,1174010100,68,1994,매물 6건,37.5532448,127.1547947,done,2026-08-27 00:07:21
1547,명일동,명일현대,226,1988,매물 4건,37.5485038,127.1488477,명일동,명일현대,1174010100,226,1988,매물 4건,37.5485038,127.1488477,done,2026-08-27 00:07:21
1537,명일동,삼익그린11차,152,1986,매물 3건,37.5518066,127.1504982,명일동,삼익그린11차,1174010100,152,1986,매물 3건,37.5518066,127.1504982,done,2026-08-27 00:07:21
1538,명일동,삼익그린맨션2차,"2,400",1983,매물 69건,37.552573525,127.1485456,명일동,삼익그린맨션2차,1174010100,"2,400",1983,매물 69건,37.552573525,127.1485456,done,2026-08-27 00:07:21
1535,명일동,삼익맨션,768,1984,매물 3건,37.546587687,127.14751528,명일동,삼익맨션,1174010100,768,1984,매물 3건,37.546587687,127.14751528,done,2026-08-27 00:07:21
1540,명일동,삼환고덕,120,1987,매물 5건,37.5494903,127.1518695,명일동,삼환고덕,1174010100,120,1987,매물 5건,37.5494903,127.1518695,done,2026-08-27 00:07:21
1541,명일동,신동아,570,1986,매물 29건,37.5537423,127.1521237,명일동,신동아,1174010100,570,1986,매물 29건,37.5537423,127.1521237,done,2026-08-27 00:07:21
249563,명일동,우성,77,2004,,37.5528688,127.1420084,명일동,우성,1174010100,77,2004,,37.5528688,127.1420084,failed,2026-08-27 00:07:21
20402922,명일동,원일타워,119,2020,,37.545397339,127.14330312,명일동,원일타워,1174010100,119,2020,,37.545397339,127.14330312,failed,2026-08-27 00:07:21
1545,명일동,한양,540,1986,매물 5건,37.5504635,127.1551633,명일동,한양,1174010100,540,1986,매물 5건,37.5504635,127.1551633,done,2026-08-27 00:07:21
1552,명일동,형인허브빌,103,2002,,37.5470586,127.1444646,명일동,형인허브빌,1174010100,103,2002,,37.5470586,127.1444646,failed,2026-08-27 00:07:21
