seq,error,detail
___없는seq_0___,KeyError,'list_result'
___없는seq_1___,KeyError,'list_result'
___없는seq_2___,KeyError,'list_result'
80337,KeyError,'list_result'
1698,KeyError,'list_result'
1651,KeyError,'list_result'
1691,KeyError,'list_result'
1690,KeyError,'list_result'
1654,KeyError,'list_result'
20355511,KeyError,'list_result'
50565,KeyError,'list_result'
50564,KeyError,'list_result'
20045641,KeyError,'list_result'
20152909,KeyError,'list_result'
1695,KeyError,'list_result'
249624,KeyError,'list_result'
249616,KeyError,'list_result'
1694,KeyError,'list_result'
1671,KeyError,'list_result'
20447022,KeyError,'list_result'
1674,KeyError,'list_result'
1697,KeyError,'list_result'
20125940,KeyError,'list_result'
448552,KeyError,'list_result'
1696,KeyError,'list_result'
52230,KeyError,'list_result'
20290796,KeyError,'list_result'
20449959,KeyError,'list_result'
20417349,KeyError,'list_result'
20433610,KeyError,'list_result'
20433561,KeyError,'list_result'
249597,KeyError,'list_result'
1603,KeyError,'list_result'
50551,KeyError,'list_result'
1604,KeyError,'list_result'
12074073,KeyError,'list_result'
563308,KeyError,'list_result'
1613,KeyError,'list_result'
20417020,KeyError,'list_result'
20416990,KeyError,'list_result'
20417027,KeyError,'list_result'
20330305,KeyError,'list_result'
20116564,KeyError,'list_result'
20400509,KeyError,'list_result'
20362260,KeyError,'list_result'
1639,KeyError,'list_result'
1637,KeyError,'list_result'
52339,KeyError,'list_result'
20285367,KeyError,'list_result'
20285546,KeyError,'list_result'
20057245,KeyError,'list_result'
20441009,KeyError,'list_result'
20391769,KeyError,'list_result'
20056183,KeyError,'list_result'
20453638,KeyError,'list_result'
20153334,KeyError,'list_result'
20322930,KeyError,'list_result'
20382720,KeyError,'list_result'
249588,KeyError,'list_result'
20381538,KeyError,'list_result'
20299734,KeyError,'list_result'
20341866,KeyError,'list_result'
20124619,KeyError,'list_result'
1576,KeyError,'list_result'
20170721,KeyError,'list_result'
1599,KeyError,'list_result'
20447557,KeyError,'list_result'
249570,KeyError,'list_result'
249573,KeyError,'list_result'
50548,KeyError,'list_result'
50167,KeyError,'list_result'
20449916,KeyError,'list_result'
20166878,KeyError,'list_result'
20181962,KeyError,'list_result'
20299717,KeyError,'list_result'
256592,KeyError,'list_result'
20057294,KeyError,'list_result'
1600,KeyError,'list_result'
249644,KeyError,'list_result'
20019987,KeyError,'list_result'
20116765,KeyError,'list_result'
1720,KeyError,'list_result'
20359320,KeyError,'list_result'
1701,KeyError,'list_result'
1727,KeyError,'list_result'
1702,KeyError,'list_result'
1703,KeyError,'list_result'
249649,KeyError,'list_result'
20433190,KeyError,'list_result'
1705,KeyError,'list_result'
1712,KeyError,'list_result'
20394648,KeyError,'list_result'
1707,KeyError,'list_result'
256632,KeyError,'list_result'
1708,KeyError,'list_result'
1709,KeyError,'list_result'
20392914,KeyError,'list_result'
20020083,KeyError,'list_result'
1711,KeyError,'list_result'
20455234,KeyError,'list_result'
20428155,KeyError,'list_result'
249635,KeyError,'list_result'
1706,KeyError,'list_result'
1723,KeyError,'list_result'
20172108,KeyError,'list_result'
20359308,KeyError,'list_result'
448546,KeyError,'list_result'
1553,KeyError,'list_result'
249563,KeyError,'list_result'
20402922,KeyError,'list_result'
1552,KeyError,'list_result'
